Quality,Name,Country,Genre
1080p WEBRip,Thank God,India,Comedy
1080p Pre-DVDRip,An Action Hero,N/A,Action
1080p WEBRip,Qala,India,Drama
1080p WEBRip,Freddy,India,Romance
1080p WEBRip,Ram Setu,India,Action
1080p WEBRip,Troll (2022) [Norwegian – Hindi + English],Norway,Action
720p HDCAM,Glass Onion: A Knives Out Mystery,United States,Comedy
1080p WEBRip,Kantara (2022) [Hindi HQ Line Audio + Kannada-ESub],India,Action
1080p WEBRip,Black Adam (2022) [English + Hindi],United States,Action
1080p Pre-DVDRip,The Teacher (2022) [Malayalam-No Sub],N/A,Drama
1080p Pre-DVDRip,Saudi Vellakka (2022) [Malayalam-No Sub],India,
1080p Pre-DVDRip,Nenevaru (2022) [Telugu-No Sub],India,Romance
,Reindeer in Here,Animation,TV Movie
720p HDCAM,Emancipation,United States,Drama
1080p WEBRip,Nazar Andaaz,India,Comedy
720p HDCAM,Bones and All,Italy,United States
1080p WEBRip,Lady Chatterley’s Lover,United Kingdom,United States
1080p WEBRip,Scrooge: A Christmas Carol,United Kingdom,Animation
720p WebRip,Crazy Fellow (2022) [Telugu-ESUB],India,Comedy
720p HDCAM,Violent Night,United States,Action
1080p WEBRip,Warriors of Future (2022) [Chinese-English Dubbed],Hong Kong,Action
1080p WEBRip,Diary of a Wimpy Kid: Rodrick Rules,Canada,United States
1080p Pre-DVDRip,HIT-The 2nd Case (2022) [Telugu-No Sub],India,Action
1080p Pre-DVDRip,Gatta Kusthi (2022) [Tamil-No Sub],Comedy,Drama
1080p Pre-DVDRip,DSP (2022) [Tamil-No Sub],N/A,Action
,Monster (2022) [Hindi-Malayalam],India,Thriller
1080p WEBRip,Parole (2022) [Tamil-ESUB],N/A,Action
1080p WEBRip,Nitham Oru Vaanam (2022) [Tamil-ESUB],India,Comedy
1080p WEBRip,Miral (2022) [Tamil-ESUB],India,Horror
1080p WEBRip,Kooman (2022) [Malayalam-ESUB],India,Thriller
1080p WEBRip,Goodbye,Comedy,Drama
1080p WEBRip,India Lockdown,India,Drama
720p HDCAM,Strange World,United States,Adventure
1080p Pre-DVDRip,Kora Kagazz (2022),Drama,
1080p WEBRip,Love 360 (2022) [Kannada-ESUB],India,Romance
1080p WEBRip,Fakt Mahilao Maate (2022) [Gujarati-ESUB],India,Comedy
1080p WEBRip,DJ Tillu (2022) [Hindi-Telugu],India,Comedy
1080p WEBRip,Kochaal (2022) [Malayalam-ESUB],India,Comedy
1080p Pre-DVDRip,Triple Riding (2022) [Kannada-No Sub],N/A,Action
1080p Pre-DVDRip,Shefeekkinte Santhosham (2022) [Malayalam-No Sub],India,Comedy
1080p Pre-DVDRip,Padachone Ingalu Kaatholee (2022) [Malayalam-No Sub],N/A,Comedy
1080p Pre-DVDRip,Aanaparambile World Cup (2022) [Malayalam-No Sub],India,Drama
1080p Pre-DVDRip,Pattathu Arasan (2022) [Tamil-No Sub],N/A,Action
1080p Pre-DVDRip,Kaari (2022) [Tamil-No Sub],N/A,Action
1080p Pre-DVDRip,Agent Kannayiram (2022) [Tamil-No Sub],India,Comedy
720p HDCAM,The Fabelmans,N/A,Comedy
720p HDCAM,Devotion,United States,Drama
1080p WEBRip,Padavettu (2022) [Malayalam-ESUB],India,Drama
1080p WEBRip,The Guardians of the Galaxy Holiday Special,United States,Adventure
1080p WEBRip,Chup,Crime,Thriller
1080p Pre-DVDRip,Bhediya,India,Comedy
1080p WEBRip,Seetimaarr (2021) [Hindi + Telugu],Action,Drama
1080p WEBRip,The Warriorr (2022) [Hindi + Telugu],Action,Drama
720p Pre-DVDRip,Gaalodu (2022) [Telugu-No Sub],N/A,Action
1080p WEBRip,Till,United States,Drama
1080p WEBRip,Triangle of Sadness,France,Germany
720p HDCAM,The Magic Flute,Germany,Adventure
1080p WEBRip,"Lyle, Lyle, Crocodile",United States,Comedy
1080p HD-TS,The Menu,United States,Comedy
720p HDCAM,She Said,United States,Drama
1080p WEBRip,Armageddon Time,Brazil,United States
1080p Pre-DVDRip,Yugi (2022) [Tamil-No Sub],N/A,Thriller
1080p Pre-DVDRip,Naan Mirugamaai Maara (2022) [Tamil-No Sub],N/A,Action
1080p Pre-DVDRip,Kalaga Thalaivan (2022) [Tamil-No Sub],N/A,Action
1080p Pre-DVDRip,Alipiriki Allantha Dooram Lo (2022) [Telugu-No Sub],Comedy,Crime
1080p Pre-DVDRip,Masooda (2022) [Telugu-No Sub],Drama,Horror
1080p WEBRip,Saroj Ka Rishta,India,Comedy
1080p Pre-DVDRip,Siya,India,Drama
1080p Pre-DVDRip,Mister Mummy,India,Comedy
1080p WEBRip,GodFather (2022) [Hindi + Telugu],Action,Drama
1080p Pre-DVDRip,Drishyam 2,India,Crime
1080p WEBRip,Anel Meley Panithuli (2022) [Tamil-Multi Audio],,
1080p WEBRip,Slumberland,United States,Adventure
1080p WEBRip,Disenchanted,United States,Comedy
1080p WEBRip,Kumari (2022) [Malayalam-ESUB],India,Drama
1080p WEBRip,The Last Manhunt,Western,
1080p WEBRip,Spirited,United States,Comedy
1080p WEBRip,Lamborghini: The Man Behind the Legend,Italy,United States
1080p WEBRip,"Monica, O My Darling",India,Comedy
1080p WEBRip,Kaduva (2022) [Hindi + Malayalam],India,Action
,Thaggedhe Le (2022) [Telugu-No Sub],India,Crime
1080p WEBRip,Dear Zoe,United States,Drama
1080p WEBRip,Godse (2022) [Hindi + Telugu],India,Action
1080p WEBRip,Pathonpatham Noottandu (2022) [Malayalam-ESUB],India,Action
1080p Pre-DVDRip,Saturday Night (2022) [Hindi + Malayalam],India,Comedy
1080p BluRay,R.I.P.D. 2: Rise of the Damned,United States,Action
1080p WEBRip,Shadow Master,United States,Action
1080p WEBRip,The Lost King,United Kingdom,Comedy
1080p WEBRip,The System,United States,Action
1080p WEBRip,Selena Gomez: My Mind & Me,United States,Documentary
1080p Pre-DVDRip,Like Share & Subscribe (2022) [Telugu-No Sub],India,Action
1080p Pre-DVDRip,Urvasivo Rakshasivo (2022) [Telugu-No Sub],India,Comedy
1080p Pre-DVDRip,Bomma Blockbuster (2022) [Telugu-No Sub],India,Action
1080p WEBRip,The Ghost (2022) [Hindi + Telugu-ESUB],India,Action
1080p Pre-DVDRip,Mili,India,Thriller
1080p Pre-DVDRip,Phone Bhoot,India,Comedy
1080p WEBRip,Geetha (2022) [Telugu-ESUB],India,Action
,Prince (2022) [Tamil-ESUB],India,Comedy
1080p WEBRip,Causeway,United States,Drama
1080p WEBRip,On the Line,United States,Thriller
1080p WEBRip,Weird: The Al Yankovic Story,United States,Comedy
720p HDCAM,Prey for the Devil,United States,Horror
1080p WEBRip,My Policeman,United Kingdom,United States
1080p Pre-DVDRip,Double XL,India,Comedy
1080p WEBRip,Aattral (2022) [Tamil-ESUB],Action,Thriller
1080p WEBRip,Tadka,India,Comedy
1080p WEBRip,Enola Holmes 2,United Kingdom,United States
1080p WEBRip,Brahmastra Part One: Shiva,India,Action
1080p WEBRip,Love Mocktail 2 (2022) [Hindi-Kannada],,
1080p Pre-DVDRip,Jaya Jaya Jaya Jaya Hey (2022) [Malayalam-No Sub],India,Comedy
1080p WEBRip,V1 Murder Case (2019) [Hindi-Tamil],Crime,Drama
1080p WEBRip,Window Seat (2022) [Kannada-ESUB],India,Crime
1080p Pre-DVDRip,Kaalangalil Aval Vasantham (2022) [Tamil-No Sub],Comedy,Romance
1080p Pre-DVDRip,Gandhada Gudi (2022) [Hindi-Kannada],India,Adventure
1080p WEBRip,The Woman King,Canada,United States
1080p WEBRip,See How They Run,United States,Comedy
1080p WEBRip,Repeat Shoe (2022) [Tamil-ESUB],India,Crime
1080p WEBRip,Bheemla Nayak (2022) [Hindi + Telugu-ESUB],India,Action
1080p WEBRip,My Policeman,United Kingdom,United States
1080p Pre-DVDRip,Double XL,India,Comedy
1080p WEBRip,Aattral (2022) [Tamil-ESUB],Action,Thriller
1080p WEBRip,Tadka,India,Comedy
1080p WEBRip,Enola Holmes 2,United Kingdom,United States
1080p WEBRip,Brahmastra Part One: Shiva,India,Action
1080p WEBRip,Love Mocktail 2 (2022) [Hindi-Kannada],,
1080p Pre-DVDRip,Jaya Jaya Jaya Jaya Hey (2022) [Malayalam-No Sub],India,Comedy
1080p WEBRip,V1 Murder Case (2019) [Hindi-Tamil],Crime,Drama
1080p WEBRip,Window Seat (2022) [Kannada-ESUB],India,Crime
1080p Pre-DVDRip,Kaalangalil Aval Vasantham (2022) [Tamil-No Sub],Comedy,Romance
1080p Pre-DVDRip,Gandhada Gudi (2022) [Hindi-Kannada],India,Adventure
1080p WEBRip,The Woman King,Canada,United States
1080p WEBRip,See How They Run,United States,Comedy
1080p WEBRip,Repeat Shoe (2022) [Tamil-ESUB],India,Crime
1080p WEBRip,Bheemla Nayak (2022) [Hindi + Telugu-ESUB],India,Action
1080p WEBRip,Dear Zoe,,
1080p WEBRip,See How They Run,,
