Title,Year,Ratings,Quality,Industry,Genre,Downloads
A Baby At Any..,2022,6,720p Blu-Ray,Hollywood,TV Movie,85
A Wounded Faw..,2022,6.2,720p Blu-Ray,Hollywood,Horror,91
Alien Abducti..,2022,0,720p Blu-Ray,Hollywood,,0
Dangerous Met..,2022,4,720p Blu-Ray,Hollywood,Crime,78
Darby And The..,2022,6.2,720p Blu-Ray,Hollywood,Comedy,100
Disenchanted,2022,7.3,720p Blu-Ray,Hollywood,Comedy,120
Love Destiny ..,2022,6.75,720p Blu-Ray,Hollywood,Romance,166
More Than I W..,2022,6,720p Blu-Ray,Hollywood,Animation,14
Pentatonix Ar..,2022,0,720p Blu-Ray,Hollywood,Documentary,49
Ticket To Par..,2022,7.01,720p Blu-Ray,Hollywood,Romance,104
Warriors of F..,2022,7.6,720p WEB-RIP,Hollywood,Drama,101
Kaalangalil A..,2022,0,1080p BluRay,Tamil,Romance,120
Kochaal,2022,8,HD-RIP,Tamil,Comedy,147
Miral,2022,7,HD-RIP,Tamil,Thriller,115
Nitham Oru Va..,2022,7,HD-RIP,Tamil,Romance,146
Decision To L..,2022,7.271,720p Blu-Ray,Korean,Mystery,138
Remember,2022,7.4,720p Blu-Ray,Korean,TV Movie,85
India Lockdow..,2022,7,HD-RIP,Bollywood,Drama,0
Murder At Koh..,2022,0,720p Blu-Ray,Bollywood,Mystery,0
Qala,2022,6.5,1080p BluRay,Bollywood,Drama,119
Freddy,2022,9,HD-RIP,Bollywood,Romance,124
Lady Chatterl..,2022,7.1,720p Blu-Ray,Hindi Dubbed,Romance,126
My Name Is Ve..,2022,6.855,1080p BluRay,Hindi Dubbed,Action,90
Troll,2022,7.002,720p Blu-Ray,Hindi Dubbed,Fantasy,104
Diary Of A Wi..,2022,7,720p Blu-Ray,Animation,Animation,74
Scrooge A Chr..,2022,7.75,720p Blu-Ray,Animation,Animation,97
The Action Pa..,2022,10,720p Blu-Ray,Animation,Animation,28
Troll The Tal..,2018,6,720p Blu-Ray,Animation,Animation,0
Armageddon Ti..,2022,6.923,720p Blu-Ray,Hollywood,Drama,114
Blood Relativ..,2022,6,720p Blu-Ray,Hollywood,Horror,88
Fantasy Footb..,2022,8.5,720p Blu-Ray,Hollywood,Comedy,98
Good Night Op..,2022,7.333,720p Blu-Ray,Hollywood,Documentary,105
Hey You,2022,10,720p Blu-Ray,Hollywood,Romance,0
Holiday Harmo..,2022,8.8,720p Blu-Ray,Hollywood,Romance,111
Lamborghini T..,2022,7,720p Blu-Ray,Hollywood,Drama,97
Malazgirt 107..,2022,0,720p Blu-Ray,Hollywood,War,0
Nocebo,2022,4,720p Blu-Ray,Hollywood,Horror,96
Something In ..,2022,6.417,720p Blu-Ray,Hollywood,Science Fiction,116
The Estate,2022,5.3,720p Blu-Ray,Hollywood,Comedy,91
The Hip Hop N..,2022,5,720p Blu-Ray,Hollywood,Music,44
The Last Manh..,2022,7.889,720p Blu-Ray,Hollywood,Western,103
The Noel Diar..,2022,6.9,720p Blu-Ray,Hollywood,Romance,99
Titanic 666,2022,6.2,720p Blu-Ray,Hollywood,Thriller,91
Kumari,2022,6.5,1080p BluRay,Tamil,Thriller,137
Love Today,2022,0,1080p BluRay,Tamil,Documentary,79
Padavettu,2022,7,1080p BluRay,Tamil,Drama,142
Bhediya,2022,7.25,HD-RIP,Bollywood,Comedy,156
Chup,2022,6.417,HD-RIP,Bollywood,Crime,135
Drishyam 2,2022,8.286,HD-RIP,Bollywood,Crime,142
Saroj Ka Rish..,2022,0,HD-RIP,Bollywood,Drama,122
Christmas wit..,2022,5.801,1080p BluRay,Hindi Dubbed,Romance,91
Kantara,2022,8.079,HD-RIP,Hindi Dubbed,Mystery,147
Slumberland,2022,7.963,HD-RIP,Hindi Dubbed,Family,117
Lyle Lyle Cro..,2022,7.378,720p Blu-Ray,Animation,Comedy,106
Iravatham,2022,0,HD-RIP,Tamil,Thriller,122
Mei Hoom Moos..,2022,6.5,HD-RIP,Tamil,Comedy,130
Padma,2022,0,HD-RIP,Tamil,Drama,122
Dhokha,2022,5,720p Blu-Ray,Bollywood,Crime,170
A Wesley Chri..,2022,0,720p Blu-Ray,Hollywood,Drama,85
Arthur Maledi..,2022,2.7,720p Blu-Ray,Hollywood,Horror,87
Black Adam,2022,6.855,1080p BluRay,Hollywood,Action,125
Call Jane,2022,5.9,720p Blu-Ray,Hollywood,Drama,121
Im Totally Fi..,2022,6,720p Blu-Ray,Hollywood,Comedy,83
Johanna Nords..,2022,0,720p Blu-Ray,Hollywood,Comedy,59
Manifest West..,2022,7,720p Blu-Ray,Hollywood,Drama,0
Moonage Daydr..,2022,7.653,720p Blu-Ray,Hollywood,Documentary,135
My Perfect We..,2022,0,720p Blu-Ray,Hollywood,,0
On The Line,2022,6.483,720p Blu-Ray,Hollywood,Thriller,104
Poker Face,2022,6.2,720p Blu-Ray,Hollywood,Thriller,95
Sadistic The ..,2022,0,720p Blu-Ray,Hollywood,Horror,144
Spirited,2022,7.556,720p Blu-Ray,Hollywood,Comedy,127
Stalked Withi..,2022,6,720p Blu-Ray,Hollywood,Drama,82
The Friendshi..,2022,6.2,720p Blu-Ray,Hollywood,Science Fiction,87
The Independe..,2022,6,720p Blu-Ray,Hollywood,Thriller,108
The Wonder,2022,7.125,HD-RIP,Hindi Dubbed,Mystery,109
Blues Big Cit..,2022,0,720p Blu-Ray,Animation,Family,82
My Fathers Dr..,2022,7.5,720p Blu-Ray,Animation,Animation,104
Tom And Jerry..,2022,8.7,720p Blu-Ray,Animation,Family,76
Monica O My D..,2022,0,HD-RIP,Bollywood,Crime,129
A Kismet Chri..,2022,7.5,720p Blu-Ray,Hollywood,TV Movie,84
Ask Me To Dan..,2022,5.7,720p Blu-Ray,Hollywood,Romance,94
Black Panther..,2022,7.639,720p Blu-Ray,Hollywood,Action,162
Christmas On ..,2022,7,720p Blu-Ray,Hollywood,TV Movie,90
Cruel Instruc..,2022,8.7,720p Blu-Ray,Hollywood,Drama,85
Dangerous Che..,2022,3,720p Blu-Ray,Hollywood,Drama,85
Deadly House ..,2022,1.5,720p Blu-Ray,Hollywood,Thriller,87
Enola Holmes ..,2022,7.753,1080p BluRay,Hollywood,Mystery,129
Fallen Angels..,2022,6.5,720p Blu-Ray,Hollywood,Mystery,85
Fallen Angels..,2022,7,720p Blu-Ray,Hollywood,Mystery,85
Maple Valley ..,2022,6.429,720p Blu-Ray,Hollywood,TV Movie,84
Menorah In Th..,2022,0,720p Blu-Ray,Hollywood,TV Movie,90
My Christmas ..,2022,2,720p Blu-Ray,Hollywood,Comedy,90
R.I.P.D. 2 Ri..,2022,0,720p Blu-Ray,Hollywood,Fantasy,102
Shadow Master..,2022,5.5,720p Blu-Ray,Hollywood,Action,90
The Lost King..,2022,7.667,720p Blu-Ray,Hollywood,Drama,108
The Minute Yo..,2022,4.889,720p Blu-Ray,Hollywood,Thriller,90
The System,2022,5.2,720p Blu-Ray,Hollywood,Action,97
Wayfinder,2022,0,720p Blu-Ray,Hollywood,Drama,83
Weird The Al ..,2022,6.8,720p Blu-Ray,Hollywood,Comedy,108
Poochandi,2022,9,HD-RIP,Tamil,Thriller,115
Sardar,2022,7.75,HD-RIP,Tamil,Thriller,167
Karthikeya,2014,6.5,720p Blu-Ray,Hindi Dubbed,Mystery,124
Lost Bullet 2..,2022,7.5,HD-RIP,Hindi Dubbed,Action,0
Rorschach,2022,7.6,720p Blu-Ray,Hindi Dubbed,Thriller,150
Tad The Lost ..,2022,7.583,720p Blu-Ray,Animation,Adventure,89
The Soccer Fo..,2022,7.1,720p Blu-Ray,Animation,Animation,74
Brahmastra Pa..,2022,5.5,1080p BluRay,Bollywood,Action,167
Tadka,2022,0,720p Blu-Ray,Bollywood,Comedy,115
Window Seat,2022,0,1080p BluRay,Tamil,,0
Aadhaar,2022,7,1080p BluRay,Tamil,Drama,122
Kotthu,2022,7,HD-RIP,Tamil,Drama,155
Repeat Shoe,2022,0,HD-RIP,Tamil,Crime,112
Call Of The U..,2022,5.25,720p Blu-Ray,Hollywood,Fantasy,100
God Forbid,2022,7,720p Blu-Ray,Hollywood,Documentary,109
Hex,2022,4,720p Blu-Ray,Hollywood,Action,88
My Name Is Le..,2022,1,720p Blu-Ray,Hollywood,Drama,88
My Neighbor A..,2022,5.8,720p Blu-Ray,Hollywood,Drama,96
My Policeman,2022,6.889,720p Blu-Ray,Hollywood,Drama,113
Route 10,2022,0,720p Blu-Ray,Hollywood,Thriller,82
Run,2022,6.061,720p Blu-Ray,Hollywood,Thriller,103
Running The B..,2022,7.5,720p Blu-Ray,Hollywood,Drama,127
See How They ..,2022,6.753,720p Blu-Ray,Hollywood,Mystery,98
Soft Quiet,2022,0,720p Blu-Ray,Hollywood,Drama,92
Taurus,2022,0,720p Blu-Ray,Hollywood,Drama,98
The Woman Kin..,2022,7.469,720p Blu-Ray,Hollywood,Action,135
Torn A Wicked..,2022,10,720p Blu-Ray,Hollywood,Romance,156
WWE Clash At ..,2022,0,720p Blu-Ray,Hollywood,Action,60
Bheemla Nayak..,2022,6.1,HD-RIP,Hindi Dubbed,Action,145
A Christmas I..,2022,0,720p Blu-Ray,Hollywood,TV Movie,90
American Murd..,2022,7,720p Blu-Ray,Hollywood,Thriller,101
Barbarian,2022,7.146,720p Blu-Ray,Hollywood,Horror,103
Coin,2022,6,720p Blu-Ray,Hollywood,Documentary,86
Headless Hors..,2022,4.7,720p Blu-Ray,Hollywood,Horror,85
Hounded,2022,5,720p Blu-Ray,Hollywood,Horror,94
House Of Clow..,2022,0,720p Blu-Ray,Hollywood,Horror,83
Kings Of Coke..,2022,0,720p Blu-Ray,Hollywood,Documentary,90
Love Afloat,2022,5.5,720p Blu-Ray,Hollywood,TV Movie,85
Our 2 Moms,2022,0,720p Blu-Ray,Hollywood,,0
Robbing Musso..,2022,5.895,720p Blu-Ray,Hollywood,Action,99
Sawed Off,2022,0,720p Blu-Ray,Hollywood,Horror,83
Shady Grove,2022,0,720p Blu-Ray,Hollywood,Horror,0
Sinphony,2022,10,720p Blu-Ray,Hollywood,Horror,93
Spider-Man Al..,2022,7,720p Blu-Ray,Hollywood,Documentary,30
The Bad Seed ..,2022,7.545,720p Blu-Ray,Hollywood,Drama,0
The Chalk Lin..,2022,6.667,720p Blu-Ray,Hollywood,Horror,106
The Great Ame..,2022,0,720p Blu-Ray,Hollywood,TV Movie,42
The OctoGames..,2022,5,720p Blu-Ray,Hollywood,Thriller,88
Appan,2022,7,HD-RIP,Hindi Dubbed,Comedy,129
Bimbisara,2022,7.9,720p Blu-Ray,Hindi Dubbed,Action,146
Hellhole,2022,6.931,720p Blu-Ray,Hindi Dubbed,Horror,90
The Good Nurs..,2022,7.2,HD-RIP,Hindi Dubbed,Drama,121
Krishna Vrind..,2022,7,1080p BluRay,Tamil,Romance,139
Panthrand,2022,5.5,HD-RIP,Tamil,Drama,146
Swathi Muthya..,2022,6.833,HD-RIP,Tamil,Romance,0
Ram Setu,2022,6.667,1080p BluRay,Bollywood,Action,144
Thank God,2022,8.8,1080p BluRay,Bollywood,Comedy,121
Wendell Wild,2022,7.375,720p Blu-Ray,Animation,Animation,107
Dobaaraa,2022,4.5,HD-RIP,Bollywood,Science Fiction,135
London Nahi J..,2022,10,HD-RIP,Bollywood,Action,0
Astonishing T..,2022,2,720p Blu-Ray,Hollywood,Horror,93
Autumn In The..,2022,7,720p Blu-Ray,Hollywood,TV Movie,84
Bitcon,2022,4.333,720p Blu-Ray,Hollywood,Crime,94
Blade Of The ..,2022,6.7,720p Blu-Ray,Hollywood,Action,106
Bosch Rockit,2022,6.5,720p Blu-Ray,Hollywood,Drama,107
Bros,2022,6.432,720p Blu-Ray,Hollywood,Comedy,115
Dangerous Gam..,2022,6,720p Blu-Ray,Hollywood,Thriller,0
Fatally Flawl..,2022,0,720p Blu-Ray,Hollywood,,0
Goodbye Petru..,2022,0,720p Blu-Ray,Hollywood,Comedy,97
Homecoming Th..,2022,6,720p Blu-Ray,Hollywood,Documentary,60
Matriarch,2022,2.8,720p Blu-Ray,Hollywood,Horror,85
Pearl,2022,6.926,720p Blu-Ray,Hollywood,Horror,102
Slayers,2022,6.5,720p Blu-Ray,Hollywood,Horror,88
The Invitatio..,2022,6.392,720p Blu-Ray,Hollywood,Horror,105
The Loneliest..,2022,7,720p Blu-Ray,Hollywood,Comedy,90
The Stranger,2022,6.5,720p Blu-Ray,Hollywood,Crime,117
V H S 99,2022,5.2,720p Blu-Ray,Hollywood,Horror,99
King Fish,2022,5,1080p BluRay,Tamil,Drama,122
Mike,2022,2.7,1080p BluRay,Tamil,Comedy,58
Oke Oka Jeevi..,2022,8,1080p BluRay,Tamil,Science Fiction,157
Ammu,2022,9,HD-RIP,Hindi Dubbed,Drama,136
The School fo..,2022,7.503,720p Blu-Ray,Hindi Dubbed,,146
Mortal Kombat..,2022,7.935,720p Blu-Ray,Animation,Animation,82
The Paloni Sh..,2022,6,720p Blu-Ray,Animation,Animation,62
Dharmaveer,2022,8.5,720p Blu-Ray,Bollywood,Crime,178
Judaa Hoke Bh..,2022,0,HD-RIP,Bollywood,Horror,114
Palthu Janwar..,2022,9.8,HD-RIP,Bollywood,Drama,117
Buffoon,2022,7,720p Blu-Ray,Tamil,Drama,119
Naane Varuven..,2022,7,HD-RIP,Tamil,Action,122
Vendhu Thanin..,2022,8,HD-RIP,Tamil,Drama,172
Accident Man ..,2022,5.6,720p Blu-Ray,Hollywood,Action,96
Bromates,2022,2,720p Blu-Ray,Hollywood,Comedy,97
Clerks III,2022,6.929,720p Blu-Ray,Hollywood,Comedy,100
Fighting For ..,2022,0,720p Blu-Ray,Hollywood,Documentary,0
Game Of Love,2022,5.75,720p Blu-Ray,Hollywood,Romance,0
Grimcutty,2022,6.1,720p Blu-Ray,Hollywood,Horror,101
Guardians Of ..,2022,7.286,720p Blu-Ray,Hollywood,Action,0
Halloween End..,2022,7.057,720p Blu-Ray,Hollywood,Horror,111
Mantra,2022,0,720p Blu-Ray,Hollywood,Thriller,103
Medieval,2022,7,720p Blu-Ray,Hollywood,History,126
Old Man,2022,6.176,720p Blu-Ray,Hollywood,Thriller,97
Project Legio..,2022,1,720p Blu-Ray,Hollywood,Horror,0
Rosaline,2022,7.5,720p Blu-Ray,Hollywood,Comedy,96
Sheltering Se..,2022,5,720p Blu-Ray,Hollywood,Thriller,80
Stalker,2022,4.083,720p Blu-Ray,Hollywood,Horror,93
The Accursed,2022,5.2,720p Blu-Ray,Hollywood,Horror,96
The Murder Of..,2022,0,720p Blu-Ray,Hollywood,Documentary,42
The Curse of ..,2022,6.9,HD-RIP,Hindi Dubbed,Adventure,89
Laal Singh Ch..,2022,6.477,HD-RIP,Bollywood,Drama,164
Catherine Cal..,2022,5.733,720p Blu-Ray,Hollywood,Adventure,108
Dead Bride,2022,4,720p Blu-Ray,Hollywood,Horror,83
Entergalactic..,2022,7.444,720p Blu-Ray,Hollywood,Animation,92
Jeepers Creep..,2022,5.833,720p Blu-Ray,Hollywood,Horror,88
Monster High ..,2022,6.9,720p Blu-Ray,Hollywood,Adventure,91
Operation Sea..,2022,5.083,720p Blu-Ray,Hollywood,War,86
Sanctioning E..,2022,0,720p Blu-Ray,Hollywood,Thriller,110
Stay The Nigh..,2022,5,720p Blu-Ray,Hollywood,Romance,94
The Inhabitan..,2022,5.9,720p Blu-Ray,Hollywood,Thriller,97
The Razing,2022,5.5,720p Blu-Ray,Hollywood,Drama,110
The Visitor,2022,7,720p Blu-Ray,Hollywood,Horror,86
To Leslie,2022,6,720p Blu-Ray,Hollywood,Drama,119
Bhala Thandan..,2022,7.2,HD-RIP,Tamil,Drama,134
Darja,2022,7,HD-RIP,Tamil,Action,130
Gaalipata 2,2022,0,HD-RIP,Tamil,Comedy,149
Oru Thekkan T..,2022,6.5,HD-RIP,Tamil,Drama,150
Ranga Ranga V..,2022,5.167,HD-RIP,Tamil,Romance,122
Uniki,2022,7,HD-RIP,Tamil,Crime,0
Eesho,2022,6,HD-RIP,Hindi Dubbed,Thriller,107
Karthikeya 2,2022,7.778,HD-RIP,Hindi Dubbed,Action,145
Maneater,2022,4.176,HD-RIP,Hindi Dubbed,Thriller,86
Mr. Harrigan'..,2022,6.656,HD-RIP,Hindi Dubbed,Thriller,105
Maja Ma,2022,7,HD-RIP,Bollywood,Comedy,135
Vikram Vedha,2022,6.5,1080p BluRay,Bollywood,Action,160
Mia And Me Th..,2022,3.6,720p Blu-Ray,Animation,Animation,82
Trick Or Trea..,2022,7.281,720p Blu-Ray,Animation,Adventure,78
A Trip To Inf..,2022,6.1,720p Blu-Ray,Hollywood,Documentary,79
Control,2022,5.6,720p Blu-Ray,Hollywood,Science Fiction,89
Dead For A Do..,2022,5.8,720p Blu-Ray,Hollywood,Western,106
Dig,2022,3.333,720p Blu-Ray,Hollywood,Thriller,90
Gods Creature..,2022,6,720p Blu-Ray,Hollywood,Drama,101
In Isolation,2022,5,720p Blu-Ray,Hollywood,Thriller,87
Lighting Up T..,2022,7.4,720p Blu-Ray,Hollywood,Family,0
On The Come U..,2022,4,720p Blu-Ray,Hollywood,Drama,115
Peter Von Kan..,2022,5.896,720p Blu-Ray,Hollywood,Drama,84
Root Letter,2022,7,720p Blu-Ray,Hollywood,Drama,0
Sicosexual,2022,2,720p Blu-Ray,Hollywood,Thriller,93
The American ..,2022,6,720p Blu-Ray,Hollywood,Documentary,87
The Curious C..,2022,6,720p Blu-Ray,Hollywood,TV Movie,0
The Enforcer,2022,6.6,720p Blu-Ray,Hollywood,Action,0
The Greatest ..,2022,6.286,720p Blu-Ray,Hollywood,Drama,126
The Infernal ..,2022,6.271,720p Blu-Ray,Hollywood,Thriller,107
Vesper,2022,6.4,720p Blu-Ray,Hollywood,Science Fiction,112
Bujji Ila Raa..,2022,7,1080p BluRay,Tamil,Action,120
Theerppu,2022,8,720p Blu-Ray,Tamil,Thriller,147
Yellow Board,2022,0,720p Blu-Ray,Tamil,Crime,0
Plan A Plan B..,2022,0,720p Blu-Ray,Bollywood,Romance,105
Blonde,2022,6.839,720p Blu-Ray,Hindi Dubbed,Drama,167
Bullet Train,2022,7.465,HD-RIP,Hindi Dubbed,Action,127
Cobra,2022,6.6,HD-RIP,Hindi Dubbed,Action,163
Fullmetal Alc..,2022,7.026,HD-RIP,Hindi Dubbed,Action,143
Ponniyin Selv..,2022,9,1080p BluRay,Hindi Dubbed,Action,167
Minions More ..,2022,7.5,720p Blu-Ray,Animation,Animation,48
Babli Bouncer..,2022,0,HD-RIP,Bollywood,Comedy,118
Section 8,2022,0,720p Blu-Ray,Hollywood,Action,98
Don,2022,6.797,1080p BluRay,Tamil,Drama,123
Tees Maar Kha..,2022,0,1080p BluRay,Tamil,Action,135
Thiruchitramb..,2022,7.2,1080p BluRay,Tamil,Romance,133
Timepass 3,2022,10,HD-RIP,Tamil,,0
Atithi Bhooto..,2022,10,HD-RIP,Bollywood,Comedy,0
Bhavai,2021,0,HD-RIP,Bollywood,Romance,0
A Country Chr..,2022,5,720p Blu-Ray,Hollywood,Drama,87
After Ever Ha..,2022,6.2,720p Blu-Ray,Hollywood,Romance,95
Bodies Bodies..,2022,6.5,720p Blu-Ray,Hollywood,Comedy,94
Byron Bowers ..,2022,0,720p Blu-Ray,Hollywood,Comedy,58
Carp-e Diem,2022,2,720p Blu-Ray,Hollywood,Comedy,100
Confess Fletc..,2022,6,720p Blu-Ray,Hollywood,Crime,98
Escape From K..,2022,0,720p Blu-Ray,Hollywood,Documentary,82
Finding Hubby..,2022,4,720p Blu-Ray,Hollywood,Comedy,93
Honk For Jesu..,2022,5.2,720p Blu-Ray,Hollywood,Comedy,98
I Used To Be ..,2022,7.486,720p Blu-Ray,Hollywood,Comedy,104
Jurassic Domi..,2022,7,720p Blu-Ray,Hollywood,Action,90
Meet Cute,2022,4.7,720p Blu-Ray,Hollywood,Romance,90
Nostalgia,2022,7,720p Blu-Ray,Hollywood,Drama,117
Patton Oswalt..,2022,5.6,720p Blu-Ray,Hollywood,Comedy,58
Ravens Hollow..,2022,0,720p Blu-Ray,Hollywood,Horror,98
Simchas And S..,2022,5,720p Blu-Ray,Hollywood,Comedy,0
Skandal Bring..,2022,7.429,720p Blu-Ray,Hollywood,Documentary,92
Ten Tricks,2022,0,720p Blu-Ray,Hollywood,Drama,88
The Attractio..,2022,6.5,720p Blu-Ray,Hollywood,TV Movie,85
Liger,2022,2,HD-RIP,Hindi Dubbed,Action,138
Lou,2022,7.25,720p Blu-Ray,Hindi Dubbed,Action,107
Nope,2022,7.019,1080p BluRay,Hindi Dubbed,Horror,130
The Perfumier..,2022,5.3,HD-RIP,Hindi Dubbed,Crime,96
"Nna, Thaan Ca..",2022,8.2,HD-RIP,Tamil,Drama,139
Thallumaala,2022,6.6,HD-RIP,Tamil,Comedy,146
Gotakhor,2022,0,HD-RIP,Bollywood,,100
Jogi,2022,8,HD-RIP,Bollywood,Crime,116
Do Revenge,2022,7.036,HD-RIP,Hindi Dubbed,Comedy,118
Goodnight Mom..,2022,5.81,HD-RIP,Hindi Dubbed,Horror,91
Rama Rao on D..,2022,7.5,HD-RIP,Hindi Dubbed,Action,150
Boonie Bears ..,2022,6.2,720p Blu-Ray,Animation,Animation,99
About Fate,2022,6.893,720p Blu-Ray,Hollywood,Romance,100
Always Amore,2022,7,720p Blu-Ray,Hollywood,TV Movie,84
Breaking,2022,7.7,720p Blu-Ray,Hollywood,Crime,103
Cabin Connect..,2022,3.5,720p Blu-Ray,Hollywood,Romance,0
Caribbean Sum..,2022,6,720p Blu-Ray,Hollywood,TV Movie,84
Conjuring The..,2022,4,720p Blu-Ray,Hollywood,Horror,91
Delias Gone,2022,3,720p Blu-Ray,Hollywood,Drama,90
Destination P..,2022,0,720p Blu-Ray,Hollywood,Documentary,92
Deus,2022,5.8,720p Blu-Ray,Hollywood,Science Fiction,91
Emily The Cri..,2022,7.542,720p Blu-Ray,Hollywood,Crime,95
Get Smart Wit..,2022,5.9,720p Blu-Ray,Hollywood,Documentary,93
House Of Dark..,2022,6.3,720p Blu-Ray,Hollywood,Thriller,88
Ian Cognito A..,2022,0,720p Blu-Ray,Hollywood,,73
Jo Koy Live F..,2022,8,720p Blu-Ray,Hollywood,Comedy,74
Kick Out The ..,2022,7,720p Blu-Ray,Hollywood,Documentary,90
Kingslayer,2022,4.3,720p Blu-Ray,Hollywood,Action,93
Loves Portrai..,2022,6.5,720p Blu-Ray,Hollywood,TV Movie,84
Margaux,2022,5.7,720p Blu-Ray,Hollywood,Horror,105
Marry Go Roun..,2022,7.5,720p Blu-Ray,Hollywood,TV Movie,84
Marry Me In Y..,2022,5.8,720p Blu-Ray,Hollywood,TV Movie,84
Out Of Office..,2022,4.5,720p Blu-Ray,Hollywood,Comedy,86
Peace River,2022,0,720p Blu-Ray,Hollywood,Drama,135
Red Flags,2022,3,720p Blu-Ray,Hollywood,Thriller,75
Sheng Wang Sw..,2022,5,720p Blu-Ray,Hollywood,Comedy,60
TMZ Investiga..,2022,4,720p Blu-Ray,Hollywood,Documentary,42
The Class,2022,3.333,720p Blu-Ray,Hollywood,Comedy,114
The Gold Mach..,2022,0,720p Blu-Ray,Hollywood,Documentary,92
The Hoot Owl,2022,10,720p Blu-Ray,Hollywood,Horror,71
The Red Book ..,2022,7,720p Blu-Ray,Hollywood,Horror,83
Three Thousan..,2022,6.966,720p Blu-Ray,Hollywood,Fantasy,108
Untold The Ra..,2022,6,720p Blu-Ray,Hollywood,Documentary,83
Wolves Of War..,2022,7,720p Blu-Ray,Hollywood,Thriller,87
York Witches ..,2022,3,720p Blu-Ray,Hollywood,Horror,88
Ek Villain Re..,2022,5.5,HD-RIP,Bollywood,Action,127
6 Festivals,2022,5,720p Blu-Ray,Hollywood,Drama,90
Flight Risk,2022,7,720p Blu-Ray,Hollywood,Documentary,98
Ghoster,2022,0,720p Blu-Ray,Hollywood,Family,90
Helen Hong We..,2022,0,720p Blu-Ray,Hollywood,Comedy,59
HollyBlood,2022,7.1,720p Blu-Ray,Hollywood,Comedy,0
Jack Osbourne..,2022,0,720p Blu-Ray,Hollywood,,0
Kim McVicar T..,2022,0,720p Blu-Ray,Hollywood,Comedy,55
Obi-Wan Kenob..,2022,8,720p Blu-Ray,Hollywood,Documentary,60
Preaching Lie..,2022,4,720p Blu-Ray,Hollywood,Drama,118
Something In ..,2022,2,720p Blu-Ray,Hollywood,Horror,0
Stoop Kid,2022,3,720p Blu-Ray,Hollywood,,0
Taylor Hawkin..,2022,9,720p Blu-Ray,Hollywood,Music,353
The Anthrax A..,2022,6.2,720p Blu-Ray,Hollywood,Documentary,94
Tiny Cinema,2022,5,720p Blu-Ray,Hollywood,Horror,84
Where The Cra..,2022,7.4,720p Blu-Ray,Hollywood,Drama,125
Doc McStuffin..,2022,0,720p Blu-Ray,Animation,Animation,22
Groot Takes a..,2022,7.109,720p Blu-Ray,Animation,Animation,5
Groot's First..,2022,7.5,720p Blu-Ray,Animation,Animation,6
Groot's Pursu..,2022,7.5,720p Blu-Ray,Animation,Animation,5
Magnum Opus,2022,7.455,720p Blu-Ray,Animation,Animation,5
Pinocchio,2022,6.726,720p Blu-Ray,Animation,Fantasy,111
The Little Gu..,2022,7.8,720p Blu-Ray,Animation,Animation,5
Emergency Dec..,2021,7,1080p BluRay,Korean,Drama,147
Hansan Rising..,2022,7.1,720p Blu-Ray,Korean,History,130
End of the Ro..,2022,6.9,HD-RIP,Hindi Dubbed,Thriller,89
Sita Ramam,2022,9.5,HD-RIP,Hindi Dubbed,Romance,158
The Bounty Me..,2022,0,720p Web-DL,Hindi Dubbed,Western,77
Kaatteri,2022,6,HD-RIP,Tamil,Comedy,113
Kuri,2022,7,HD-RIP,Tamil,Drama,106
My Dear Booth..,2022,6,HD-RIP,Tamil,Comedy,124
Yenni Thuniga..,2022,8,HD-RIP,Tamil,Action,145
All The Lords..,2022,6,720p Blu-Ray,Hollywood,Comedy,80
Burial,2022,4.8,720p Blu-Ray,Hollywood,Horror,95
Explorer,2022,4.333,720p Blu-Ray,Hollywood,Documentary,51
Fall,2022,7.222,720p Blu-Ray,Hollywood,Thriller,107
Hope Again,2022,0,720p Blu-Ray,Hollywood,Drama,113
Ivy Bean,2022,5.5,720p Blu-Ray,Hollywood,Family,58
Ivy Bean Doom..,2022,6,720p Blu-Ray,Hollywood,Family,57
Ivy Bean The ..,2022,6,720p Blu-Ray,Hollywood,Family,62
Joyride,2022,5.5,720p Blu-Ray,Hollywood,Comedy,94
McEnroe,2022,7.7,720p Blu-Ray,Hollywood,Documentary,104
One Way,2022,2.7,720p Blu-Ray,Hollywood,Crime,96
Sam Morril Sa..,2022,10,720p Blu-Ray,Hollywood,Comedy,44
Send Me,2022,0,720p Blu-Ray,Hollywood,,0
The Harbinger..,2022,4,720p Blu-Ray,Hollywood,Horror,114
The Railway C..,2022,6.7,720p Blu-Ray,Hollywood,Drama,95
Untold Operat..,2022,6.444,720p Blu-Ray,Hollywood,Documentary,77
Wire Room,2022,6.9,720p Blu-Ray,Hollywood,Action,97
Alienoid,2022,6.5,720p Blu-Ray,Korean,Action,143
Cuttputlli,2022,8.333,HD-RIP,Bollywood,Crime,134
Khuda Haafiz ..,2022,7.25,HD-RIP,Bollywood,Drama,146
Sundari Garde..,2022,8.5,HD-RIP,Bollywood,Drama,111
I Came By,2022,6.394,CAM-RIP,Hindi Dubbed,Thriller,110
Love in the V..,2022,6.438,HD-RIP,Hindi Dubbed,Romance,114
Vikrant Rona,2022,8.5,HD-RIP,Hindi Dubbed,Fantasy,147
Back Door,2022,1,720p Blu-Ray,Hollywood,Action,68
Bullet Proof,2022,4.4,1080p BluRay,Hollywood,Action,81
Dead Zone,2022,4.6,720p Blu-Ray,Hollywood,Action,83
Inside The Mi..,2022,7.708,1080p BluRay,Hollywood,Documentary,67
Killer Ambiti..,2022,5,720p Blu-Ray,Hollywood,Thriller,85
Lie Hard,2022,5,1080p BluRay,Hollywood,Comedy,0
Love Fashion ..,2022,6.25,720p Blu-Ray,Hollywood,TV Movie,85
Low Life,2022,3,720p Blu-Ray,Hollywood,Thriller,105
Mount Hideawa..,2022,5,720p Blu-Ray,Hollywood,Mystery,125
PPP Loan Gone..,2022,5,720p Blu-Ray,Hollywood,Comedy,133
Running With ..,2022,7.357,720p Blu-Ray,Hollywood,Documentary,105
Samaritan,2022,6.653,720p Blu-Ray,Hollywood,Action,102
Spin Me Round..,2022,4.8,1080p BluRay,Hollywood,Comedy,104
Sweet As Pie,2022,5.5,720p Blu-Ray,Hollywood,TV Movie,85
The Immaculat..,2022,4.9,1080p BluRay,Hollywood,Drama,88
This Is Joan ..,2022,0,720p Blu-Ray,Hollywood,Documentary,96
Tim Dillon A ..,2022,8,1080p BluRay,Hollywood,Comedy,48
Untrapped The..,2022,6.3,720p Blu-Ray,Hollywood,Documentary,90
Vanished Sear..,2022,5.8,720p Blu-Ray,Hollywood,Drama,85
Vengeance,2022,7.22,720p Blu-Ray,Hollywood,Thriller,108
Zombae,2022,2.7,720p Blu-Ray,Hollywood,Horror,92
Fullmetal Alc..,2022,6.7,HD-RIP,Hindi Dubbed,Action,125
Me Time,2022,5.846,1080p BluRay,Hindi Dubbed,Comedy,101
Seoul Vibe,2022,7.4,HD-RIP,Hindi Dubbed,Action,140
Underground M..,2022,3,1080p BluRay,Hindi Dubbed,Fantasy,90
19,2001,5.811,HD-RIP,Tamil,Horror,77
Bairagee,2022,7,HD-RIP,Tamil,Action,135
Kuruthi Aatta..,2022,8,HD-RIP,Tamil,Action,122
Viruman,2022,7.5,HD-RIP,Tamil,Action,151
Hit The First..,2022,6.667,1080p BluRay,Bollywood,Crime,136
Sherdil,2022,8,1080p BluRay,Bollywood,Drama,121
DC League Of ..,2022,7.551,1080p BluRay,Animation,Animation,105
The Next 365 ..,2022,7.213,HD-RIP,Hindi Dubbed,Drama,112
Shamshera,2022,4.667,1080p BluRay,Bollywood,Action,158
Top Gun Maver..,2022,8.327,1080p BluRay,Hollywood,Action,131
Apsara,2022,0,HD-RIP,Tamil,,75
Gangster Gang..,2022,6,HD-RIP,Tamil,Action,132
Holy Wound,2022,8,1080p BluRay,Tamil,Romance,94
Makal,2022,7,HD-RIP,Tamil,Drama,142
Glorious,2022,7.077,720p Blu-Ray,Hollywood,Horror,79
Graphic Desig..,2022,2.667,720p Blu-Ray,Hollywood,Thriller,90
La Caida De A..,2022,2,720p Blu-Ray,Hollywood,Crime,0
Little Ukrain..,2022,0,720p Blu-Ray,Hollywood,Drama,90
Look Both Way..,2022,7,720p Blu-Ray,Hollywood,Romance,110
Planning On F..,2022,8,720p Blu-Ray,Hollywood,TV Movie,85
Sharp Stick,2022,3.3,720p Blu-Ray,Hollywood,Comedy,96
The Mulligan,2022,6.25,720p Blu-Ray,Hollywood,Drama,113
The Stranger ..,2022,4,720p Blu-Ray,Hollywood,Thriller,90
Nikamma,2022,4,720p Blu-Ray,Bollywood,Action,147
Orphan First ..,2022,7.285,HD-RIP,Hindi Dubbed,Horror,99
Royalteen,2022,6.367,HD-RIP,Hindi Dubbed,Drama,107
Alyssa Limper..,2022,0,1080p BluRay,Hollywood,Comedy,56
Big Sky River..,2022,5.6,1080p BluRay,Hollywood,TV Movie,84
Elvis,2022,7.942,1080p BluRay,Hollywood,Music,159
Here Out West..,2022,5,1080p BluRay,Hollywood,Drama,101
Infrared,2022,6.2,1080p BluRay,Hollywood,Horror,88
Jackass Shark..,2022,5,1080p BluRay,Hollywood,Documentary,60
Love In The L..,2022,5.667,1080p BluRay,Hollywood,TV Movie,84
My Favorite G..,2022,5.5,1080p BluRay,Hollywood,Romance,93
Post Malone R..,2022,10,1080p BluRay,Hollywood,Documentary,65
Romance In St..,2022,5.75,1080p BluRay,Hollywood,TV Movie,84
Secret Societ..,2022,6.5,1080p BluRay,Hollywood,Drama,84
Snoopy Presen..,2022,7.2,1080p BluRay,Hollywood,Family,38
South Park Th..,2022,8.3,1080p BluRay,Hollywood,Music,99
Stay On Board..,2022,9,1080p BluRay,Hollywood,Documentary,72
The Inside Ou..,2022,7.2,1080p BluRay,Hollywood,Comedy,63
Tom Daley Ill..,2022,0,1080p BluRay,Hollywood,Documentary,59
Worst To Firs..,2022,6,1080p BluRay,Hollywood,Documentary,0
Exit,2019,5.1,720p Blu-Ray,Korean,Thriller,95
Om - The Batt..,2022,6.333,HD-RIP,Bollywood,Action,135
Shabaash Mith..,2022,7,HD-RIP,Bollywood,Drama,156
I Love My Dad..,2022,6.667,720p Blu-Ray,Hollywood,Comedy,90
Office Invasi..,2022,6,720p Blu-Ray,Hollywood,Science Fiction,0
Poser,2021,5.7,720p Blu-Ray,Hollywood,Drama,87
Proyecto Empe..,2022,5.5,720p Blu-Ray,Hollywood,Action,105
Secret Headqu..,2022,6.7,720p Blu-Ray,Hollywood,Family,89
The Dead Girl..,2022,0,720p Blu-Ray,Hollywood,Horror,75
Wifelike,2022,5,720p Blu-Ray,Hollywood,Science Fiction,106
13 The Musica..,2022,4.7,720p Blu-Ray,Hollywood,Family,92
Bank Robbers ..,2022,6,720p Blu-Ray,Hollywood,Documentary,109
Collide,2022,5.3,720p Blu-Ray,Hollywood,Thriller,90
Doblemente Em..,2022,7.208,720p Blu-Ray,Hollywood,Comedy,0
Free Dead Or ..,2022,4,720p Blu-Ray,Hollywood,Action,0
Cadaver,2022,6.5,HD-RIP,Hindi Dubbed,Thriller,83
Day Shift,2022,6.76,HD-RIP,Hindi Dubbed,Action,113
Gargi,2022,9,HD-RIP,Hindi Dubbed,Drama,137
Zhong Kui Exo..,2022,0,HD-RIP,Hindi Dubbed,Fantasy,0
D Block,2022,7,1080p BluRay,Tamil,Thriller,136
John Luther,2022,7.5,HD-RIP,Tamil,Thriller,128
Maha,2022,6,HD-RIP,Tamil,Crime,109
Malayankunju,2022,7.5,HD-RIP,Tamil,Thriller,112
Pakka Commerc..,2022,6.75,HD-RIP,Tamil,Comedy,0
The Warriorr,2022,8,1080p BluRay,Tamil,Action,165
MEAD,2022,1,720p Blu-Ray,Animation,Science Fiction,105
Luck,2022,8.238,720p Blu-Ray,Animation,Animation,105
Thirteen Live..,2022,7.957,HD-RIP,Hindi Dubbed,Drama,147
Darlings,2022,6.75,HD-RIP,Bollywood,Comedy,134
A Splash Of L..,2022,5.667,1080p BluRay,Hollywood,TV Movie,84
Albatross,2022,4.7,1080p BluRay,Hollywood,Drama,97
Allegoria,2022,3.5,1080p BluRay,Hollywood,Horror,70
Bring Him Bac..,2022,3,1080p BluRay,Hollywood,Action,85
Cave Rescue,2022,1,1080p BluRay,Hollywood,Drama,99
Christmas In ..,2022,7,1080p BluRay,Hollywood,TV Movie,84
Fittest On Ea..,2022,0,1080p BluRay,Hollywood,,0
Freedom Uncut..,2022,5.5,1080p BluRay,Hollywood,Music,118
Gabby Gifford..,2022,0,1080p BluRay,Hollywood,Documentary,98
Hypochondriac..,2022,5.5,1080p BluRay,Hollywood,Horror,96
Into The Deep..,2022,3.5,720p Blu-Ray,Hollywood,Thriller,90
It Snows All ..,2022,5,1080p BluRay,Hollywood,Drama,90
Junkyard Dogs..,2022,0,1080p BluRay,Hollywood,Comedy,0
Kung Fu Ghost..,2022,6,1080p BluRay,Hollywood,,95
Lego Star War..,2022,5.9,1080p BluRay,Hollywood,Animation,45
Loving Highsm..,2022,6.2,1080p BluRay,Hollywood,Documentary,83
Matar A La Ma..,2022,2,720p Blu-Ray,Hollywood,Drama,20
Minions The R..,2022,7.778,1080p BluRay,Hollywood,Family,87
Mrs Harris Go..,2022,7.886,1080p BluRay,Hollywood,Comedy,116
NYC Point God..,2022,0,1080p BluRay,Hollywood,Documentary,83
Not Just A Gi..,2022,6.556,1080p BluRay,Hollywood,Documentary,88
Resurrection,2022,5.5,1080p BluRay,Hollywood,Drama,103
Rise Of The T..,2022,7.88,1080p BluRay,Hollywood,Animation,86
Rogue Agent,2022,5.5,1080p BluRay,Hollywood,Thriller,115
Sharkula,2022,0,1080p BluRay,Hollywood,Horror,71
Skull,2022,9,1080p BluRay,Hollywood,Music,121
Sniper Rogue ..,2022,0,1080p BluRay,Hollywood,Action,96
The Black Pac..,2022,0,1080p BluRay,Hollywood,,42
The Most Dang..,2022,4.5,1080p BluRay,Hollywood,Thriller,95
The Yacht,2022,4.6,1080p BluRay,Hollywood,Thriller,94
They Them,2022,5.183,HD-RIP,Hollywood,Horror,101
777 Charlie,2022,7.714,HD-RIP,Hindi Dubbed,Adventure,166
We Met In Vir..,2022,5,720p Blu-Ray,Animation,Documentary,91
Vaade Veedu,2022,0,HD-RIP,Tamil,,180
Vattam,2022,7,HD-RIP,Tamil,Action,116
Alone Togethe..,2022,5,720p Blu-Ray,Hollywood,Drama,93
Chariot,2022,5,720p Blu-Ray,Hollywood,Science Fiction,91
Honor Society..,2022,7.462,720p Blu-Ray,Hollywood,Comedy,97
Not Okay,2022,7,720p Blu-Ray,Hollywood,Comedy,100
Paradise High..,2022,6.786,720p Blu-Ray,Hollywood,Thriller,115
Purple Hearts..,2022,8.561,720p Blu-Ray,Hollywood,Romance,122
Sniper. The W..,2022,5.273,720p Blu-Ray,Hollywood,Drama,120
The Entitled,2022,5.8,720p Blu-Ray,Hollywood,Romance,90
The Ivana Tru..,2022,0,720p Blu-Ray,Hollywood,Documentary,0
The Reef Stal..,2022,6.713,720p Blu-Ray,Hollywood,Horror,93
Unboxed,2022,0,720p Blu-Ray,Hollywood,Horror,73
FIR,2022,6,HD-RIP,Bollywood,Thriller,156
Good Luck Jer..,2022,6.5,1080p BluRay,Bollywood,Comedy,118
Rocketry The ..,2022,8,HD-RIP,Bollywood,Drama,154
Sorry Day,2022,0,HD-RIP,Bollywood,,104
Aftershock,2022,7.7,1080p BluRay,Hollywood,Documentary,86
Anythings Pos..,2022,6.096,1080p BluRay,Hollywood,Romance,96
David A. Arno..,2022,0,1080p BluRay,Hollywood,Comedy,78
Deep In The H..,2022,0,1080p BluRay,Hollywood,Documentary,103
Facing Nolan,2022,6,1080p BluRay,Hollywood,Documentary,105
My Grown-Up C..,2022,7.8,1080p BluRay,Hollywood,TV Movie,84
Nikki Glaser ..,2022,6.2,1080p BluRay,Hollywood,Comedy,59
Paws Of Fury ..,2022,5.929,1080p BluRay,Hollywood,Family,98
Tosh,2022,2,1080p BluRay,Hollywood,Documentary,75
Bestie,2022,1,HD-RIP,Tamil,Horror,137
Godse,2022,7,HD-RIP,Tamil,Thriller,142
Trance,2020,0,HD-RIP,Tamil,Drama,12
Vaashi,2022,7,HD-RIP,Tamil,Drama,123
The Witch Par..,2022,7.9,720p Blu-Ray,Korean,Action,137
American Expe..,2022,0,720p Blu-Ray,Hollywood,Documentary,53
American Expe..,2022,0,720p Blu-Ray,Hollywood,Documentary,113
Death Count,2022,6.5,720p Blu-Ray,Hollywood,Horror,81
Mid-Century,2022,5.3,720p Blu-Ray,Hollywood,Horror,105
Mr. Malcolms ..,2022,5,720p Blu-Ray,Hollywood,Comedy,117
Prizefighter ..,2022,6.5,720p Blu-Ray,Hollywood,Drama,107
Resisting Roo..,2022,5.8,720p Blu-Ray,Hollywood,Romance,91
Shriekshow,2022,3,720p Blu-Ray,Hollywood,Horror,105
The Day The M..,2022,0,720p Blu-Ray,Hollywood,Documentary,94
The Engagemen..,2022,6,720p Blu-Ray,Hollywood,TV Movie,85
The Gray Man,2022,6.751,1080p BluRay,Hollywood,Action,128
The Irish Con..,2022,0,720p Blu-Ray,Hollywood,Action,93
The Moderator..,2022,0,720p Blu-Ray,Hollywood,Action,81
Jaadugar,2022,5.9,1080p BluRay,Bollywood,Comedy,167
Janhit Mein J..,2022,6.5,1080p BluRay,Bollywood,Comedy,146
Jug Jugg Jeey..,2022,5.714,1080p BluRay,Bollywood,Comedy,148
Katha Kanchik..,2022,7,HD-RIP,Bollywood,Comedy,140
Santaman,2022,0,720p Blu-Ray,Animation,Animation,88
1UP,2022,3.3,720p Blu-Ray,Hollywood,Comedy,100
Bill Burr Liv..,2022,6.8,720p Blu-Ray,Hollywood,Comedy,82
Diary Of A Sp..,2022,0,720p Blu-Ray,Hollywood,Thriller,99
Dont Make Me ..,2022,7.1,720p Blu-Ray,Hollywood,Drama,109
Frank And Pen..,2022,5,720p Blu-Ray,Hollywood,Thriller,0
Jewel,2022,0,720p Blu-Ray,Hollywood,Drama,80
Josh Gondelma..,2022,3,720p Blu-Ray,Hollywood,Comedy,57
Lightyear,2022,7.2,720p Blu-Ray,Hollywood,Animation,107
Love Accident..,2022,6.6,720p Blu-Ray,Hollywood,Comedy,85
Persuasion,2022,6,720p Blu-Ray,Hollywood,Romance,107
South Park Th..,2022,6.5,720p Blu-Ray,Hollywood,Animation,52
The Only,2022,4.7,720p Blu-Ray,Hollywood,Drama,104
The Road To G..,2022,0,720p Blu-Ray,Hollywood,Drama,110
This Much I K..,2022,7.6,1080p BluRay,Hollywood,Documentary,105
Zombies 3,2022,8.3,720p Blu-Ray,Hollywood,Music,88
Love Under Th..,2022,0,720p Blu-Ray,Hollywood,TV Movie,85
Malicious Min..,2022,0,720p Blu-Ray,Hollywood,Thriller,83
Rangers72,2022,10,720p Blu-Ray,Hollywood,Documentary,102
Terror On The..,2022,7,1080p BluRay,Hollywood,Western,107
Girl In The P..,2022,7.3,720p Blu-Ray,Hollywood,Documentary,102
Hello Goodbye..,2022,5.9,720p Blu-Ray,Hollywood,Romance,83
11th Hour Cle..,2022,3.5,720p Blu-Ray,Hollywood,Horror,0
A Tear In The..,2022,7,720p Blu-Ray,Hollywood,Documentary,88
Beauty,2022,6.3,1080p BluRay,Hollywood,Romance,95
Birdies,2022,6.5,1080p BluRay,Hollywood,Comedy,0
Hurdang,2022,8,HD-RIP,Bollywood,Drama,122
Mere Desh Ki ..,2022,7.2,HD-RIP,Bollywood,Comedy,111
Black,2022,7.4,HD-RIP,Hindi Dubbed,Horror,103
Dangerous Lia..,2022,5.5,HD-RIP,Hindi Dubbed,Drama,109
Ombatthane Di..,2022,0,HD-RIP,Hindi Dubbed,,0
Incantation,2022,7.8,720p Blu-Ray,Korean,Horror,111
Ante Sundhara..,2022,7,HD-RIP,Tamil,Comedy,173
Banaras,2022,0,720p Blu-Ray,Tamil,,0
Dear Friend,2022,8,HD-RIP,Tamil,Drama,99
Adeline,2022,7,720p Blu-Ray,Hollywood,,97
As A Prelude ..,2022,4,720p Blu-Ray,Hollywood,Horror,97
Curse Of The ..,2022,2,720p Blu-Ray,Hollywood,Thriller,82
Death Hunt,2022,5,720p Blu-Ray,Hollywood,Action,92
Dual,2022,6.3,720p Blu-Ray,Hollywood,Science Fiction,95
Fast Feel Lov..,2022,4.7,720p Blu-Ray,Hollywood,Comedy,132
For Jojo,2022,3.6,720p Blu-Ray,Hollywood,Comedy,97
How To Please..,2022,5.6,720p Blu-Ray,Hollywood,Comedy,107
Neon Lights,2022,5,720p Blu-Ray,Hollywood,Horror,90
Nude Tuesday,2022,3.4,720p Blu-Ray,Hollywood,Comedy,99
Ranveer Vs. W..,2022,6,720p Blu-Ray,Hollywood,Adventure,70
THE PREY Lege..,2022,6,720p Blu-Ray,Hollywood,Thriller,93
The Modern Wa..,2022,0,720p Blu-Ray,Hollywood,Drama,88
Warriors On T..,2022,0,720p Blu-Ray,Hollywood,Documentary,50
Wrong Place,2022,6,720p Blu-Ray,Hollywood,Action,96
Green Lantern..,2022,0,720p Blu-Ray,Animation,Animation,87
The Bobs Burg..,2022,7.4,720p Blu-Ray,Animation,Animation,102
The Sea Beast..,2022,7.6,720p Blu-Ray,Animation,Animation,115
Vikram,2022,7,1080p BrRip,Hindi Dubbed,Action,174
Major,2022,10,1080p BluRay,Hindi Dubbed,Action,149
Jurassic Worl..,2022,6.6,1080p BluRay,Hollywood,Adventure,147
3 Demons,2022,3,720p Blu-Ray,Hollywood,Horror,97
American Were..,2022,5,720p Blu-Ray,Hollywood,Horror,81
Bigfoot Or Bu..,2022,2,720p Blu-Ray,Hollywood,Comedy,0
Block Party,2022,6,720p Blu-Ray,Hollywood,Comedy,90
Brian And Cha..,2022,6.4,720p Blu-Ray,Hollywood,Comedy,90
Burden,2022,0,720p Blu-Ray,Hollywood,Drama,95
City Of Vultu..,2022,0,720p Blu-Ray,Hollywood,,0
Code Name Ban..,2022,5.1,720p Blu-Ray,Hollywood,Thriller,93
Cracked,2022,6.8,720p Blu-Ray,Hollywood,Drama,20
Hot Seat,2022,7,720p Blu-Ray,Hollywood,Thriller,87
Josh Taylor P..,2022,0,720p Blu-Ray,Hollywood,Documentary,58
Orcus,2022,0,720p Blu-Ray,Hollywood,Horror,106
Pacerville,2022,0,720p Blu-Ray,Hollywood,Thriller,87
Rubikon,2022,6.2,720p Blu-Ray,Hollywood,Science Fiction,110
Take The Nigh..,2022,7.1,720p Blu-Ray,Hollywood,Thriller,82
The Princess,2022,6.5,720p Blu-Ray,Hollywood,Fantasy,94
The Sound Of ..,2022,0,720p Blu-Ray,Hollywood,Documentary,90
The Summoned,2022,5,720p Blu-Ray,Hollywood,Thriller,86
Thor God Of T..,2022,4.7,720p Blu-Ray,Hollywood,Action,90
Wayward,2022,6,720p Blu-Ray,Hollywood,Drama,75
Kathir,2022,9,HD-RIP,Tamil,Drama,134
Keedam,2022,8,HD-RIP,Tamil,Crime,106
Trikona,2022,10,HD-RIP,Tamil,Mystery,125
Paka River of..,2021,8,HD-RIP,Hindi Dubbed,,101
Babloo Bachel..,2021,0,HD-RIP,Bollywood,,130
Operation Rom..,2022,5,HD-RIP,Bollywood,Drama,135
Anek,2022,6.5,HD-RIP,Bollywood,Action,148
Dhaakad,2022,7,HD-RIP,Bollywood,Action,131
Samrat Prithv..,2022,8.6,HD-RIP,Bollywood,Action,136
Atithi Devobh..,2022,9,HD-RIP,Tamil,Drama,133
Dear Vikram,2022,0,HD-RIP,Tamil,Action,118
Vaaitha,2022,8,HD-RIP,Tamil,Drama,117
Endangered,2022,0,720p Blu-Ray,Hollywood,Documentary,90
Revealer,2022,5.3,720p Blu-Ray,Hollywood,Horror,86
Secrets Of Th..,2022,0,720p Blu-Ray,Hollywood,Documentary,83
The Sixth Sec..,2022,0,720p Blu-Ray,Hollywood,Crime,90
Would It Kill..,2022,0,720p Blu-Ray,Hollywood,Comedy,52
Asli Cricket,2021,0,HD-RIP,Bollywood,,0
Forensic,2022,8,HD-RIP,Bollywood,Crime,129
12th Man,2022,6.5,HD-RIP,Hindi Dubbed,Mystery,163
Blasted,2022,5.7,HD-RIP,Hindi Dubbed,Science Fiction,114
Toscana,2022,5.7,1080p BluRay,Hindi Dubbed,Comedy,90
Abandoned,2022,5.3,1080p BluRay,Hollywood,Horror,102
Aloha With Lo..,2022,5,1080p BluRay,Hollywood,Comedy,90
American Carn..,2022,0,1080p BluRay,Hollywood,Horror,98
Aspirational ..,2022,6,720p Blu-Ray,Hollywood,Comedy,14
Back To Lyla,2022,7,720p Blu-Ray,Hollywood,,0
Beavis And Bu..,2022,6.7,1080p BluRay,Hollywood,Animation,86
Blowback,2022,4.9,1080p BluRay,Hollywood,Action,93
Collision,2022,6,1080p BluRay,Hollywood,Thriller,99
Family Camp,2022,6.1,1080p BluRay,Hollywood,Comedy,111
Father Of The..,2022,7.3,1080p BluRay,Hollywood,Romance,118
First Love,2022,7.4,1080p BluRay,Hollywood,Romance,95
Flux Gourmet,2022,5,1080p BluRay,Hollywood,Drama,111
Gaslight 2022..,2022,0,1080p BluRay,Hollywood,Thriller,85
GoldenEra,2022,0,720p Blu-Ray,Hollywood,Documentary,99
Good Luck To ..,2022,7.2,1080p BluRay,Hollywood,Drama,97
Harmony,2022,4,1080p BluRay,Hollywood,Action,72
Home2Home,2022,8,1080p BluRay,Hollywood,Documentary,0
Joel Kim Boos..,2022,8,1080p BluRay,Hollywood,Comedy,67
Leave No Trac..,2022,0,1080p BluRay,Hollywood,Documentary,108
Machine Gun K..,2022,7.5,720p Blu-Ray,Hollywood,Documentary,102
Men,2022,6.2,1080p BluRay,Hollywood,Horror,100
Murder At Yel..,2022,6.1,1080p BluRay,Hollywood,Western,126
Paul Virzi No..,2022,6.5,1080p BluRay,Hollywood,Comedy,65
Press Play,2022,7,1080p BluRay,Hollywood,Music,85
Rise,2022,7.3,1080p BluRay,Hollywood,Drama,113
Slash Back,2022,4.5,1080p BluRay,Hollywood,Science Fiction,87
The 75th Annu..,2022,0,1080p BluRay,Hollywood,Documentary,0
The Haunting ..,2022,0,720p Blu-Ray,Hollywood,Horror,89
The Lost Girl..,2022,6.2,1080p BluRay,Hollywood,Drama,107
The Man From ..,2022,6.2,1080p BluRay,Hollywood,Action,110
The Martha Mi..,2022,6.6,1080p BluRay,Hollywood,Documentary,40
The Sessions ..,2022,0,1080p BluRay,Hollywood,Documentary,0
Trevor The Mu..,2022,6,1080p BluRay,Hollywood,Drama,113
Where The Sca..,2022,0,720p Blu-Ray,Hollywood,Horror,97
Nenjuku Needh..,2022,7.8,HD-RIP,Tamil,Crime,140
O2,2022,5.3,1080p BluRay,Tamil,Thriller,120
Naked Truth,2022,3,720p Blu-Ray,Korean,Drama,92
The Ancestral..,2022,3,720p Blu-Ray,Korean,Horror,101
Love & Gelato..,2022,0,HD-RIP,Hindi Dubbed,Action,119
Spiderhead,2022,5.631,HD-RIP,Hindi Dubbed,Science Fiction,107
Bad Blood,2021,0,720p Blu-Ray,Hollywood,Horror,72
Cha Cha Real ..,2022,7.1,720p Blu-Ray,Hollywood,Comedy,107
Crimes Of The..,2022,5.9,720p Blu-Ray,Hollywood,Drama,107
Doom Of Love,2022,9,720p Blu-Ray,Hollywood,Romance,100
Doula,2022,4.3,720p Blu-Ray,Hollywood,Comedy,105
Gatlopp,2022,5.5,720p Blu-Ray,Hollywood,Comedy,0
Jerry And Mar..,2022,7.273,720p Blu-Ray,Hollywood,Comedy,96
Moriahs Light..,2022,7.667,720p Blu-Ray,Hollywood,TV Movie,84
No Mercy No R..,2022,0,720p Blu-Ray,Hollywood,Documentary,77
The House In ..,2022,2,720p Blu-Ray,Hollywood,Horror,102
The Nan Movie..,2022,5.4,720p Blu-Ray,Hollywood,Comedy,95
Watcher,2022,6.6,720p Blu-Ray,Hollywood,Thriller,96
Avatar Purush..,2022,8,HD-RIP,Tamil,Thriller,131
Chandramukhi,2022,8,1080p BluRay,Tamil,Drama,0
Jayamma Panch..,2022,7,HD-RIP,Tamil,Drama,121
Pathrosinte P..,2022,8,1080p BluRay,Tamil,Comedy,136
Totsukuni No ..,2022,9.7,720p Blu-Ray,Korean,Animation,70
CBI 5,2022,5.5,HD-RIP,Bollywood,Crime,163
Centaur,2022,6.9,HD-RIP,Hindi Dubbed,Action,89
2022 Oscar No..,2022,0,720p Blu-Ray,Animation,,97
The Black Cro..,2021,0,720p Blu-Ray,Animation,Music,78
As Its Rememb..,2022,0,1080p BluRay,Hollywood,Drama,75
Halftime,2022,6.3,1080p BluRay,Hollywood,Documentary,95
Jane Fonda Li..,2022,6,1080p BluRay,Hollywood,Comedy,60
King Tweety,2022,6.7,1080p BluRay,Hollywood,Animation,72
Lancaster,2022,6.4,1080p BluRay,Hollywood,Documentary,110
My Fake Boyfr..,2022,6.6,1080p BluRay,Hollywood,Comedy,100
O9en Up,2022,3,1080p BluRay,Hollywood,Thriller,0
Pete Davidson..,2022,0,1080p BluRay,Hollywood,Comedy,58
Rip In Time,2022,7.7,1080p BluRay,Hollywood,TV Movie,84
Swap Me Baby,2022,0,1080p BluRay,Hollywood,Comedy,82
The Cellar,2022,6.1,1080p BluRay,Hollywood,Horror,94
The Janes,2022,5.6,1080p BluRay,Hollywood,Documentary,101
The Walk,2022,0,1080p BluRay,Hollywood,Drama,105
Turbo Cola,2022,0,1080p BluRay,Hollywood,Drama,94
Women Of The ..,2022,0,1080p BluRay,Hollywood,Documentary,86
Wyrmwood Apoc..,2021,5.7,720p Blu-Ray,Hollywood,Horror,88
9 Bullets,2022,5.8,1080p BluRay,Hollywood,Action,96
Amy Schumers ..,2022,4.4,1080p BluRay,Hollywood,Comedy,57
Beyond Infini..,2022,7.5,1080p BluRay,Hollywood,Documentary,35
Blood In The ..,2022,0,1080p BluRay,Hollywood,Horror,78
Chickenhare A..,2022,7.9,1080p BluRay,Hollywood,Adventure,91
Crawlspace,2022,6.4,1080p BluRay,Hollywood,Thriller,90
Cryo,2022,4.8,1080p BluRay,Hollywood,Thriller,0
Dirty Daddy T..,2022,7,1080p BluRay,Hollywood,Comedy,83
Downton Abbey..,2022,7.4,1080p BluRay,Hollywood,Drama,125
Erzulie,2022,0,1080p BluRay,Hollywood,Horror,90
Hidden Gems,2022,6.1,1080p BluRay,Hollywood,TV Movie,84
Hustle,2022,7.8,1080p BluRay,Hollywood,Drama,118
Im Charlie Wa..,2022,7,1080p BluRay,Hollywood,Drama,90
Iron Cross Th..,2022,4,1080p BluRay,Hollywood,War,0
Ardh,2022,0,720p Blu-Ray,Bollywood,Drama,0
Haweli Wale,2021,0,720p Blu-Ray,Bollywood,,113
Jayeshbhai Jo..,2022,6,HD-RIP,Bollywood,Comedy,124
Love Tactics,2022,6.9,720p Blu-Ray,Hindi Dubbed,Romance,97
Innale Vare,2022,0,1080p BluRay,Tamil,Thriller,136
Pithavinum Pu..,2022,0,HD-RIP,Tamil,Drama,94
Twenty One Ho..,2022,0,1080p BluRay,Tamil,Thriller,115
Visithiran,2022,8,1080p BluRay,Tamil,Crime,123
The Novelists..,2022,6.8,720p Blu-Ray,Korean,Drama,92
2000 Mules,2022,7.4,720p Blu-Ray,Hollywood,Documentary,89
Above Snakes,2022,5,720p Blu-Ray,Hollywood,Mystery,78
Bill Burr Pre..,2022,6.2,720p Blu-Ray,Hollywood,Comedy,73
Double Threat..,2022,4,720p Blu-Ray,Hollywood,Action,91
For Love Coun..,2022,0,720p Blu-Ray,Hollywood,Documentary,101
Maison De Ret..,2022,6.1,720p Blu-Ray,Hollywood,Comedy,97
Tales From Th..,2022,3.3,720p Blu-Ray,Hollywood,Horror,88
The Siege Of ..,2022,4.7,720p Blu-Ray,Hollywood,Action,0
Top Gunner Da..,2022,2.7,720p Blu-Ray,Hollywood,Action,86
V For Vengean..,2022,5,720p Blu-Ray,Hollywood,Horror,85
Heart Of The ..,2022,5.3,720p Blu-Ray,Hollywood,TV Movie,84
Hollywood Sta..,2022,7.9,720p Blu-Ray,Hollywood,Comedy,105
Interceptor,2022,6.3,720p Blu-Ray,Hollywood,Action,98
Last Seen Ali..,2022,6.8,720p Blu-Ray,Hollywood,Action,95
The Overnight..,2022,6.7,720p Blu-Ray,Hollywood,Horror,90
The Spy Who N..,2022,5.7,720p Blu-Ray,Hollywood,Action,99
The Unbearabl..,2022,7.4,720p Blu-Ray,Hollywood,Action,107
What Is A Wom..,2022,5.9,720p Blu-Ray,Hollywood,Documentary,95
Attack,2022,7.5,1080p BluRay,Bollywood,Action,123
Heropanti 2,2022,5.5,720p Blu-Ray,Bollywood,Action,142
Jungle Cry,2022,9,720p Blu-Ray,Bollywood,Drama,117
Runway 34,2022,8.3,720p Blu-Ray,Bollywood,Thriller,141
Jana Gana Man..,2022,7.8,1080p BluRay,Tamil,Drama,162
Sarkaru Vaari..,2022,6.4,1080p BluRay,Tamil,Action,162
Cop Goes Miss..,2022,4.5,720p Blu-Ray,Hollywood,Drama,111
Dashcam,2022,5.8,720p Blu-Ray,Hollywood,Horror,77
Elizabeth A P..,2022,5,720p Blu-Ray,Hollywood,Documentary,89
Elizabeth The..,2022,0,720p Blu-Ray,Hollywood,Documentary,77
Elizabeth Win..,2022,10,720p Blu-Ray,Hollywood,Documentary,89
Lete Prochain..,2022,5.9,720p Blu-Ray,Hollywood,Comedy,89
The Cow And I..,2022,7,720p Blu-Ray,Hollywood,Mystery,90
Corrective Me..,2022,5,720p Blu-Ray,Hollywood,Science Fiction,106
Fire Island,2022,2.5,720p Blu-Ray,Hollywood,Comedy,105
Norm Macdonal..,2022,6,720p Blu-Ray,Hollywood,Comedy,86
South Park Th..,2022,6.5,720p Blu-Ray,Hollywood,Animation,49
Unhuman,2022,5.8,720p Blu-Ray,Hollywood,Horror,87
White Elephan..,2022,5,720p Blu-Ray,Hollywood,Action,0
Wolf Hound,2022,3,720p Blu-Ray,Hollywood,War,127
A Genies Tail..,2022,3.5,720p Blu-Ray,Hollywood,Family,0
Emergency,2022,5.8,720p Blu-Ray,Hollywood,Comedy,105
Father Stu,2022,7.2,720p Blu-Ray,Hollywood,Drama,124
Navalny,2022,6,720p Blu-Ray,Hollywood,Documentary,98
Spitfire Over..,2022,4.5,720p Blu-Ray,Hollywood,War,80
The Tiger Ris..,2022,4.7,720p Blu-Ray,Hollywood,Family,102
There Are No ..,2022,5.8,720p Blu-Ray,Hollywood,Thriller,105
Zero Contact,2022,5,720p Blu-Ray,Hollywood,Science Fiction,96
Kaathuvaakula..,2022,7,1080p BluRay,Tamil,Comedy,159
Gamanam,2021,8,720p Blu-Ray,Bollywood,Drama,114
Jersey,2022,6.9,720p Blu-Ray,Bollywood,Drama,175
Toolsidas Jun..,2022,7,720p Blu-Ray,Bollywood,Drama,130
The Hall Hono..,2022,8,720p Blu-Ray,Hollywood,Comedy,70
The Huntress ..,2022,0,720p Blu-Ray,Hollywood,Horror,90
The Valet,2022,8,720p Blu-Ray,Hollywood,Comedy,124
Torn Hearts,2022,6.4,720p Blu-Ray,Hollywood,Horror,97
Zomblogalypse..,2022,2,720p Blu-Ray,Hollywood,Comedy,98
County Line A..,2022,0,720p Blu-Ray,Hollywood,Action,83
Evil Bong 888..,2022,10,720p Blu-Ray,Hollywood,Comedy,59
Godspeed,2022,6.8,720p Blu-Ray,Hollywood,Drama,119
Good Mourning..,2022,7,720p Blu-Ray,Hollywood,Comedy,93
Look At Me XX..,2022,8,720p Blu-Ray,Hollywood,Documentary,108
Memory,2022,7.4,720p Blu-Ray,Hollywood,Action,114
Paulie Go,2022,5.5,720p Blu-Ray,Hollywood,Comedy,86
Ricky Gervais..,2022,7.6,720p Blu-Ray,Hollywood,Comedy,64
Romance To Th..,2022,4.3,720p Blu-Ray,Hollywood,TV Movie,84
Save The Cine..,2022,5.7,720p Blu-Ray,Hollywood,Drama,109
Acharya,2022,5.3,1080p BluRay,Tamil,Action,152
Zombivli,2022,0,1080p BluRay,Tamil,Drama,134
RRR,2022,8.3,1080p BluRay,Hindi Dubbed,Action,187
Rider,2021,7.1,HD-RIP,Hindi Dubbed,Adventure,95
Chip n Dale R..,2022,7.1,720p Blu-Ray,Animation,Animation,99
Teen Titans G..,2022,7.1,720p Blu-Ray,Animation,Animation,79
Bhool Bhulaiy..,2022,4,DVDSCR-RIP,Bollywood,Horror,125
Cyber Hell Ex..,2022,6.1,720p Blu-Ray,Korean,Documentary,105
One Day You W..,2022,7.7,720p Blu-Ray,Korean,Drama,126
Oruthee,2022,7,HD-RIP,Tamil,Drama,135
Son of India,2022,7,HD-RIP,Tamil,Drama,84
Third World B..,2022,0,HD-RIP,Tamil,Comedy,90
Black Glasses..,2022,4.9,720p Blu-Ray,Hollywood,Horror,90
Hatching,2022,6.8,720p Blu-Ray,Hollywood,Fantasy,91
Krime Story,2022,5,720p Blu-Ray,Hollywood,Comedy,117
Shark Bait,2022,7.1,720p Blu-Ray,Hollywood,Horror,87
Sneakerella,2022,6.4,720p Blu-Ray,Hollywood,Music,110
Staycation,2022,0,720p Blu-Ray,Hollywood,Drama,0
Tankhouse,2022,2,720p Blu-Ray,Hollywood,Comedy,94
Vendetta,2022,6.5,720p Blu-Ray,Hollywood,Action,96
Lekh,2022,10,720p Blu-Ray,Bollywood,Drama,130
K.G.F Chapter..,2022,8.3,1080p BluRay,Hindi Dubbed,Action,168
DC Showcase C..,2022,5.8,720p Blu-Ray,Hollywood,Animation,27
Diamond Hands..,2022,8,720p Blu-Ray,Hollywood,Documentary,89
Diana Life In..,2022,0,720p Blu-Ray,Hollywood,Documentary,50
Eraser Reborn..,2022,6.8,720p Blu-Ray,Hollywood,Action,102
Everything Ev..,2022,8.8,720p Blu-Ray,Hollywood,Action,139
Katt Williams..,2022,4,720p Blu-Ray,Hollywood,Comedy,59
Monstrous,2022,5.2,720p Blu-Ray,Hollywood,Horror,89
Morbius,2022,6.2,720p Blu-Ray,Hollywood,Action,104
Road Trip Rom..,2022,4,720p Blu-Ray,Hollywood,TV Movie,84
Senior Year,2022,6,720p Blu-Ray,Hollywood,Comedy,113
Fantastic Bea..,2022,6.8,1080p BluRay,Hollywood,Adventure,142
Beast,2022,0,1080p BluRay,Hindi Dubbed,Thriller,0
Puzhu,2022,8,720p Blu-Ray,Hindi Dubbed,Drama,122
Koorman,2022,0,HD-RIP,Tamil,Thriller,116
Saani Kaayidh..,2022,6.3,1080p BluRay,Tamil,Crime,138
Anchor,2022,5,720p Blu-Ray,Korean,Thriller,111
When Spring C..,2022,5,720p Blu-Ray,Korean,Drama,0
Wolves,2022,0,720p Blu-Ray,Korean,Thriller,103
4 Horsemen Ap..,2022,1,720p Blu-Ray,Hollywood,Action,86
Christina P. ..,2022,6,720p Blu-Ray,Hollywood,Comedy,62
Donkeyhead,2022,6,720p Blu-Ray,Hollywood,Drama,106
Exposure 36,2022,4,720p Blu-Ray,Hollywood,Drama,90
Firestarter,2022,7.4,720p Blu-Ray,Hollywood,Thriller,94
Lockdown,2022,3,720p Blu-Ray,Hollywood,Action,89
Operation Min..,2021,6.7,720p Blu-Ray,Hollywood,War,128
Our Father,2022,6.3,720p Blu-Ray,Hollywood,Documentary,97
Private Prope..,2022,0,720p Blu-Ray,Hollywood,Thriller,87
Sheryl,2022,0,720p Blu-Ray,Hollywood,Documentary,94
The Highwayma..,2022,0,720p Blu-Ray,Hollywood,Adventure,85
The Lost City..,2022,6.7,1080p BluRay,Hollywood,Action,112
The Northman,2022,7.6,720p Blu-Ray,Hollywood,Action,137
Three Times N..,2022,6.7,720p Blu-Ray,Hollywood,Comedy,94
Warming Up To..,2022,5.8,720p Blu-Ray,Hollywood,TV Movie,84
Snoopy Presen..,2022,4.7,720p Blu-Ray,Animation,Animation,38
365 Days This..,2022,5.7,HD-RIP,Hindi Dubbed,Romance,111
Erida,2021,0,HD-RIP,Hindi Dubbed,Thriller,124
Sonic The Hed..,2022,7.7,1080p BluRay,Animation,Action,122
The Bad Guys,2022,7.8,720p Blu-Ray,Animation,Animation,100
Antakshari,2022,8,1080p BluRay,Tamil,Thriller,121
Ghani,2022,7.6,HD-RIP,Tamil,Action,152
Manmatha Leel..,2022,5.2,1080p BluRay,Tamil,Comedy,110
No Way Out,2022,0,HD-RIP,Tamil,Thriller,97
40 Years Youn..,2022,5.9,720p Blu-Ray,Hollywood,Comedy,81
A Cowgirls So..,2022,3.5,720p Blu-Ray,Hollywood,Music,93
A Tail Of Lov..,2022,7.8,720p Blu-Ray,Hollywood,TV Movie,84
A Thousand Li..,2022,6,720p Blu-Ray,Hollywood,Thriller,87
Along For The..,2022,6.8,720p Blu-Ray,Hollywood,Romance,106
Ambulance,2022,7,720p Blu-Ray,Hollywood,Action,136
Black Site,2022,6.2,720p Blu-Ray,Hollywood,Action,99
Breath,2022,6.2,720p Blu-Ray,Hollywood,Documentary,40
Crush,2022,7.3,720p Blu-Ray,Hollywood,Comedy,92
David Spade N..,2022,6,720p Blu-Ray,Hollywood,Comedy,66
Dead By Midni..,2022,4,720p Blu-Ray,Hollywood,Horror,96
Doctor Strang..,2022,7.5,HDCAM-RIP,Hollywood,Fantasy,126
Escape The Fi..,2022,5.9,720p Blu-Ray,Hollywood,Thriller,89
Explorer The ..,2022,7.5,720p Blu-Ray,Hollywood,Documentary,55
For Zeko,2022,7.4,720p Blu-Ray,Hollywood,Comedy,92
Honeymoon Wit..,2022,6.3,720p Blu-Ray,Hollywood,Comedy,110
Hostile Terri..,2022,4.3,720p Blu-Ray,Hollywood,History,94
Its Hard But ..,2022,0,720p Blu-Ray,Hollywood,Drama,74
Love Classifi..,2022,7.3,720p Blu-Ray,Hollywood,TV Movie,84
Monkey Enters..,2022,0,720p Blu-Ray,Hollywood,,34
Respect The J..,2022,3.5,720p Blu-Ray,Hollywood,Crime,0
Rumspringa,2022,5.4,720p Blu-Ray,Hollywood,Comedy,102
Salesmen,2022,0,720p Blu-Ray,Hollywood,Comedy,81
Silverton Sie..,2022,6.4,720p Blu-Ray,Hollywood,Action,100
Spring Awaken..,2022,5.5,720p Blu-Ray,Hollywood,Documentary,83
Suicide For B..,2022,4.3,720p Blu-Ray,Hollywood,Comedy,94
The Adventure..,2022,5,720p Blu-Ray,Hollywood,Action,82
The Aviary,2022,5.8,720p Blu-Ray,Hollywood,Thriller,95
The Biggest L..,2022,6.8,720p Blu-Ray,Hollywood,Documentary,30
The Devil You..,2022,7.3,720p Blu-Ray,Hollywood,Crime,116
The Mystery O..,2022,6.3,720p Blu-Ray,Hollywood,Documentary,101
The Takedown,2022,5.6,720p Blu-Ray,Hollywood,Comedy,119
The Twin,2022,6.8,720p Blu-Ray,Hollywood,Horror,109
Trophy Wife,2022,0,720p Blu-Ray,Hollywood,Drama,87
Uncharted,2022,7.2,1080p BluRay,Hollywood,Action,116
Vampirus,2022,4,720p Blu-Ray,Hollywood,Comedy,0
Virus-32,2022,6.8,720p Blu-Ray,Hollywood,Horror,90
The Weeknd X ..,2022,8,720p Blu-Ray,Hollywood,Music,34
Yaksha Ruthle..,2022,6.2,720p Blu-Ray,Korean,Action,125
Agent Game,2022,5.3,720p Blu-Ray,Hollywood,Action,90
Alien Snipere..,2022,1.5,720p Blu-Ray,Hollywood,Action,94
All The Old K..,2022,6,720p Blu-Ray,Hollywood,Thriller,102
American Reje..,2022,4,720p Blu-Ray,Hollywood,Comedy,90
As They Made ..,2022,6.3,720p Blu-Ray,Hollywood,Drama,96
Belle Vie,2022,9.5,720p Blu-Ray,Hollywood,Documentary,77
Dancing On Gl..,2022,6.5,720p Blu-Ray,Hollywood,Drama,137
David Beckham..,2022,5,720p Blu-Ray,Hollywood,Documentary,69
Hillwalkers,2022,7.5,720p Blu-Ray,Hollywood,Horror,80
Infinite Stor..,2022,5.8,720p Blu-Ray,Hollywood,Drama,97
Laura Pausini..,2022,6.7,720p Blu-Ray,Hollywood,Documentary,81
Metal Lords,2022,6.8,720p Blu-Ray,Hollywood,Comedy,97
Michela Girau..,2022,5.8,720p Blu-Ray,Hollywood,Comedy,60
Never Better,2022,4,720p Blu-Ray,Hollywood,Comedy,81
On The Other ..,2022,1,720p Blu-Ray,Hollywood,Comedy,94
Reeds Point,2022,2,720p Blu-Ray,Hollywood,Horror,77
Reign Of Chao..,2022,2.5,720p Blu-Ray,Hollywood,Action,77
Return To Spa..,2022,7,720p Blu-Ray,Hollywood,Documentary,128
Seal Of Desir..,2022,0,720p Blu-Ray,Hollywood,Romance,107
The Outfit,2022,7.1,720p Blu-Ray,Hollywood,Drama,105
Umma,2022,5.9,720p Blu-Ray,Hollywood,Horror,83
Whitney A Loo..,2022,0,720p Blu-Ray,Hollywood,Documentary,60
Ek Love Ya,2022,0,HD-RIP,Tamil,Romance,0
Night Drive,2022,0,HD-RIP,Tamil,Mystery,10
Stand Up Rahu..,2022,0,HD-RIP,Tamil,Comedy,130
Taanakkaran,2022,8,HD-RIP,Tamil,Drama,142
Aaja Mexico C..,2022,0,HD-RIP,Bollywood,Drama,125
Dasvi,2022,5.8,HD-RIP,Bollywood,Drama,127
Etharkkum Thu..,2022,6.8,HD-RIP,Hindi Dubbed,Action,151
Raja Raja Cho..,2021,6.4,HD-RIP,Hindi Dubbed,Comedy,149
Rabbit Academ..,2022,6.2,720p Blu-Ray,Animation,Animation,75
Holy Heist,2022,0,720p Blu-Ray,Hollywood,Documentary,85
Hunting Souls..,2022,3,720p Blu-Ray,Hollywood,Horror,93
Jessie And Th..,2022,4.5,720p Blu-Ray,Hollywood,Fantasy,83
Jurassic Isla..,2022,1,720p Blu-Ray,Hollywood,Action,77
Just One Kiss..,2022,2.7,720p Blu-Ray,Hollywood,TV Movie,84
Life After Yo..,2022,0,720p Blu-Ray,Hollywood,Drama,90
Life And Deat..,2022,8,720p Blu-Ray,Hollywood,Drama,59
Madelines,2022,5,720p Blu-Ray,Hollywood,,80
Prototype,2022,2.3,720p Blu-Ray,Hollywood,Science Fiction,87
Ronny Chieng ..,2022,10,720p Blu-Ray,Hollywood,Comedy,60
The Haunting ..,2022,0,720p Blu-Ray,Hollywood,Horror,90
The Loyola Pr..,2022,0,720p Blu-Ray,Hollywood,Documentary,0
The Nameless ..,2022,0,720p Blu-Ray,Hollywood,Horror,92
Tony Hawk Unt..,2022,9,720p Blu-Ray,Hollywood,Documentary,135
11M Terror In..,2022,6.1,720p Blu-Ray,Hollywood,Documentary,92
Alice,2022,7.5,720p Blu-Ray,Hollywood,Drama,100
Better Nate T..,2022,7.2,720p Blu-Ray,Hollywood,Music,92
Boon,2022,6.8,720p Blu-Ray,Hollywood,Action,95
Bries Bake Of..,2022,0,720p Blu-Ray,Hollywood,Comedy,100
Burn,2022,0,720p Blu-Ray,Hollywood,Thriller,0
Fantastic Bea..,2022,7.6,720p Blu-Ray,Hollywood,Documentary,58
Follower,2022,5.5,720p Blu-Ray,Hollywood,Horror,0
Kaun Pravin T..,2022,7.5,HD-RIP,Bollywood,Drama,133
Bheeshma Parv..,2022,7.5,HD-RIP,Hindi Dubbed,Thriller,144
Eye See You,2002,5.6,HD-RIP,Hindi Dubbed,Thriller,96
The Bubble,2022,5,HD-RIP,Hindi Dubbed,Comedy,126
The Adventure..,2022,0,720p Blu-Ray,Animation,Animation,75
A Second Chan..,2022,4,720p Blu-Ray,Hollywood,TV Movie,84
All Hail,2022,6.4,720p Blu-Ray,Hollywood,Comedy,118
Broken Idol T..,2022,8.4,720p Blu-Ray,Hollywood,Documentary,102
Broken Soldie..,2022,0,720p Blu-Ray,Hollywood,Drama,93
Brooklyn Knig..,2022,0,720p Blu-Ray,Hollywood,Drama,94
Chernobyl The..,2022,0,720p Blu-Ray,Hollywood,Documentary,91
Dragon Knight..,2022,10,720p Blu-Ray,Hollywood,Fantasy,0
How To Surviv..,2022,2.5,720p Blu-Ray,Hollywood,Documentary,109
Moonfall,2022,6.1,720p Blu-Ray,Hollywood,Action,130
Moonshot,2022,6.5,720p Blu-Ray,Hollywood,Comedy,104
Nights End,2022,3,720p Blu-Ray,Hollywood,Horror,81
Olivia Rodrig..,2022,6.8,720p Blu-Ray,Hollywood,Music,76
So Cold The R..,2022,0,720p Blu-Ray,Hollywood,Horror,93
The Contracto..,2022,6.5,720p Blu-Ray,Hollywood,Action,103
The Sleep Sur..,2022,4,720p Blu-Ray,Hollywood,Action,115
Trust No One ..,2022,5.7,720p Blu-Ray,Hollywood,Documentary,90
Unfinished,2022,0,720p Blu-Ray,Hollywood,Thriller,101
Without Ward,2022,0,720p Blu-Ray,Hollywood,Drama,103
Jahaan,2022,0,HD-RIP,Bollywood,,13
Sharmaji Namk..,2022,5.7,HD-RIP,Bollywood,Comedy,119
Archana 31 No..,2022,8,HD-RIP,Tamil,Comedy,110
Kolaigaran,2019,6.3,HD-RIP,Tamil,Action,110
Pada,2022,8,HD-RIP,Tamil,Drama,125
Sathyam Mathr..,2022,0,HD-RIP,Tamil,Thriller,126
Theal,2022,6,HD-RIP,Tamil,Action,115
Death on the ..,2022,6.6,HD-RIP,Hindi Dubbed,Crime,127
Hey Sinamika,2022,8,HD-RIP,Hindi Dubbed,Drama,149
Love Like The..,2022,7.5,720p Blu-Ray,Korean,Romance,128
Achcham Madam..,2022,7,HD-RIP,Tamil,Drama,80
SriKrishna@gm..,2021,6,HD-RIP,Tamil,Comedy,118
Super Machi,2022,9,HD-RIP,Tamil,Drama,132
Assailant,2022,0,720p Blu-Ray,Hollywood,Thriller,0
Deep Hatred,2022,0,720p Blu-Ray,Hollywood,,0
Dilemma,2022,5,720p Blu-Ray,Hollywood,Drama,100
Embrace The P..,2022,6.8,720p Blu-Ray,Hollywood,Documentary,48
In Good Hands..,2022,7.1,720p Blu-Ray,Hollywood,Drama,104
Jackass Forev..,2022,7,720p Blu-Ray,Hollywood,Action,96
Jeff Foxworth..,2022,6,720p Blu-Ray,Hollywood,Comedy,60
No Woman No T..,2022,0,720p Blu-Ray,Hollywood,,0
Step Into... ..,2022,0,720p Blu-Ray,Hollywood,TV Movie,42
The Greatest ..,2022,2,720p Blu-Ray,Hollywood,Drama,98
The Institute..,2022,6.7,720p Blu-Ray,Hollywood,Thriller,0
Win A Trip To..,2022,4.8,720p Blu-Ray,Hollywood,Comedy,94
Bachchhan Paa..,2022,6,1080p BluRay,Bollywood,Comedy,147
Salute,2022,6,HD-RIP,Bollywood,Action,145
The Kashmir F..,2022,8.6,HD-RIP,Bollywood,Thriller,170
83,2021,7,HD-RIP,Bollywood,Drama,163
Aaraattu,2022,7,HD-RIP,Tamil,Comedy,168
Love Mocktail..,2022,6,HD-RIP,Tamil,Drama,140
Pawankhind,2022,8,HD-RIP,Tamil,Drama,0
Black Crab,2022,6.3,720p Blu-Ray,Hollywood,Action,109
Cheaper By Th..,2022,6.2,720p Blu-Ray,Hollywood,Family,107
Deep Water,2022,5.5,720p Blu-Ray,Hollywood,Drama,116
Expired,2022,5.5,720p Blu-Ray,Hollywood,Science Fiction,102
Gamestop Rise..,2022,6,720p Blu-Ray,Hollywood,Documentary,94
How Did We Ge..,2022,10,720p Blu-Ray,Hollywood,Documentary,83
Love On Fire,2022,5,720p Blu-Ray,Hollywood,TV Movie,84
Master,2022,4.8,720p Blu-Ray,Hollywood,Horror,99
Measure Of Re..,2022,3.3,720p Blu-Ray,Hollywood,Mystery,92
More Than Rob..,2022,10,720p Blu-Ray,Hollywood,Documentary,89
Panama,2022,6.3,720p Blu-Ray,Hollywood,Action,100
Preserving De..,2022,0,720p Blu-Ray,Hollywood,Documentary,115
Putting Love ..,2022,5.5,720p Blu-Ray,Hollywood,TV Movie,85
S.O.S. Mamis ..,2022,0,720p Blu-Ray,Hollywood,Comedy,105
Tethered,2022,5.5,720p Blu-Ray,Hollywood,Horror,88
The Bunker Ga..,2022,4,720p Blu-Ray,Hollywood,Action,92
The Hater,2022,5.5,720p Blu-Ray,Hollywood,Comedy,107
The Presence ..,2022,6,720p Blu-Ray,Hollywood,TV Movie,84
The Suppressi..,2022,0,720p Blu-Ray,Hollywood,,0
Without Sayin..,2022,7.3,720p Blu-Ray,Hollywood,Comedy,96
Jalsa,2022,5.5,HD-RIP,Bollywood,Drama,127
Lalitham Sund..,2022,8,HD-RIP,Hindi Dubbed,Comedy,119
Rescued by Ru..,2022,7.3,HD-RIP,Hindi Dubbed,Family,90
Windfall,2022,5.5,720p Blu-Ray,Hindi Dubbed,Crime,92
Checkered Nin..,2021,6.3,720p Blu-Ray,Animation,Animation,0
Badhaai Do,2022,7,HD-RIP,Bollywood,Drama,147
Adam By Eve A..,2022,7,720p Blu-Ray,Korean,Animation,58
Maaran,2022,7,HD-RIP,Tamil,Thriller,130
Radhe Shyam,2022,8,1080p BluRay,Tamil,Drama,138
Rowdy Boys,2022,7,HD-RIP,Tamil,Action,145
Super Sharany..,2022,7,HD-RIP,Tamil,Comedy,146
Valimai,2022,7.2,HD-RIP,Tamil,Action,179
Varthamanam,2021,8,HD-RIP,Tamil,Drama,150
Catherine Coh..,2022,0,720p Blu-Ray,Hollywood,Comedy,61
Clowning,2022,0,720p Blu-Ray,Hollywood,Crime,96
Cold Wind Blo..,2022,10,720p Blu-Ray,Hollywood,Horror,107
Exploited,2022,0,720p Blu-Ray,Hollywood,Thriller,91
Feeling Butte..,2022,10,720p Blu-Ray,Hollywood,TV Movie,85
I Love Americ..,2022,5.8,720p Blu-Ray,Hollywood,Comedy,102
In Search Of ..,2022,5.8,720p Blu-Ray,Hollywood,Documentary,301
Last Exit Spa..,2022,7,720p Blu-Ray,Hollywood,Documentary,80
One Day,2011,7.4,720p Blu-Ray,Hollywood,Drama,107
Sin Eater,2022,0,720p Blu-Ray,Hollywood,Horror,85
Spider-Man No..,2021,8.3,1080p BluRay,Hollywood,Action,148
Studio 666,2022,6.5,720p Blu-Ray,Hollywood,Horror,108
The Cursed,2021,6.8,720p Blu-Ray,Hollywood,Horror,110
The Issue Wit..,2022,0,720p Blu-Ray,Hollywood,Drama,88
The Seed,2021,3,720p Blu-Ray,Hollywood,Horror,91
Wuthering Hei..,2022,0,720p Blu-Ray,Hollywood,Drama,150
Khiladi,2022,7.3,HD-RIP,Hindi Dubbed,Action,154
Turning Red,2022,7.5,HD-RIP,Hindi Dubbed,Animation,100
The Adam Proj..,2022,7,1080p WEB-RIP,Hollywood,Science Fiction,106
The Last Poss..,2022,6.5,1080p WEB-RIP,Hollywood,,86
The Hyperions,2022,4.9,1080p WEB-RIP,Hollywood,Science Fiction,96
Dog,2022,7.7,1080p WEB-RIP,Hollywood,Drama,101
Ash & Dust,2022,1,1080p WEB-RIP,Hollywood,Crime,85
Drift Away,2021,6.2,1080p WEB-RIP,Franch,Drama,115
Damaged Lives,1933,4.4,1080p bluray,Hollywood,Drama,61
Damaged Goods,1937,5,1080p bluray,Hollywood,Drama,56
An Unsuitable..,1982,5.5,1080p bluray,Hollywood,Drama,94
Yaar Anmulle ..,2021,0,HD-RIP,Bollywood,Drama,130
AGP Schizophr..,2022,0,HD-RIP,Tamil,Thriller,0
Veerame Vaaga..,2022,7.8,HD-RIP,Tamil,Action,167
Chloes Pocket..,2022,0,720p Blu-Ray,Hollywood,Crime,105
Cyrano,2021,7.6,720p Blu-Ray,Hollywood,Comedy,113
Freaks Out,2021,7.5,720p Blu-Ray,Hollywood,Adventure,141
Heckle,2020,0,720p Blu-Ray,Hollywood,Comedy,0
Octopus Pot,2022,0,720p Blu-Ray,Hollywood,Drama,0
Taylor Tomlin..,2022,8,720p Blu-Ray,Hollywood,Comedy,60
The Batman,2022,8.1,HD-RIP,Hollywood,Crime,176
The Girl On T..,2022,7.5,720p Blu-Ray,Hollywood,Thriller,94
The Invisible..,2022,6.7,720p Blu-Ray,Hollywood,Comedy,109
The Prototype..,2022,8,720p Blu-Ray,Hollywood,Action,95
Killer Toon,2013,6.8,720p Blu-Ray,Korean,Horror,104
Kingmaker,2022,6.4,720p Blu-Ray,Korean,Drama,0
Lupins Daught..,2021,0,720p Blu-Ray,Korean,,0
A Day to Die,2022,4.8,1080p WEB-RIP,Hollywood,Action,101
The Fourth Mu..,2022,6,1080p WEB-RIP,Hollywood,Action,85
Fresh,2022,7.1,1080p WEB-RIP,Hollywood,Horror,114
Blacklight,2022,5.4,1080p WEB-RIP,Hollywood,Action,104
After Yang,2022,7.3,1080p WEB-RIP,Korean,Drama,96
The Bourne Su..,2004,7.3,1080p BrRip,Hollywood,Action,108
The Bourne Id..,2002,7.4,1080p BrRip,Hollywood,Action,119
Casino Royale,2006,7.5,1080p BrRip,Hollywood,Adventure,144
Kick-Ass 2,2013,6.4,1080p bluray,Hollywood,Action,103
Ajagajanthara..,2021,6.5,HD-RIP,Tamil,Action,122
DJ Tillu,2022,7.8,HD-RIP,Tamil,Romance,124
Induvadana,2022,8,HD-RIP,Tamil,Romance,123
Kadaisi Vivas..,2021,8,HD-RIP,Tamil,Drama,145
Kayamai Kadak..,2021,0,HD-RIP,Tamil,Thriller,104
The Pirates T..,2022,7,HD-RIP,Korean,Action,126
The Policeman..,2022,6,720p Blu-Ray,Korean,Mystery,119
Frederick Dou..,2022,10,720p Blu-Ray,Hollywood,Documentary,60
Love Tom,2022,0,720p Blu-Ray,Hollywood,,56
Lucy and Desi..,2022,7.7,1080p BluRay,Hollywood,Documentary,102
Project Gemin..,2022,5.2,720p Blu-Ray,Hollywood,Science Fiction,98
Three Months,2022,5.8,720p Blu-Ray,Hollywood,Drama,104
Love Hostel,2022,6.5,HD-RIP,Bollywood,Crime,101
Drive My Car,2022,7.6,HD-RIP,Hindi Dubbed,Drama,179
The Weekend A..,2022,5.9,720p Blu-Ray,Hindi Dubbed,Thriller,89
Young Adult M..,2021,5.1,1080p WEB-RIP,Korean,Drama,127
Love and Leas..,2022,6.3,1080p WEB-RIP,Korean,Romance,118
Hard Hit,2021,7.4,1080p bluray,Korean,Action,90
The Last Mark,2022,0,1080p WEB-RIP,Hollywood,Action,85
Restless,2022,5.9,1080p WEB-RIP,Hollywood,Action,95
Chappelle's H..,2022,5.5,1080p WEB-RIP,Hollywood,Comedy,36
Caught in His..,2022,5.3,1080p WEB-RIP,Hollywood,Drama,84
Beneath the S..,2022,5,1080p WEB-RIP,Hollywood,Horror,94
Against the I..,2022,7.1,1080p WEB-RIP,Hollywood,Adventure,101
Hellbender,2021,6.3,1080p WEB-RIP,Hollywood,Horror,86
The Pilot. A ..,2021,7.6,1080p bluray,Hollywood,War,105
How to Train ..,2019,7.8,1080p bluray,Animation,Animation,104
Big Hero 6,2014,7.8,1080p bluray,Animation,Adventure,102
Raanjhanaa,2013,6.6,1080p bluray,Bollywood,Drama,140
The Lunchbox,2013,7.3,1080p bluray,Bollywood,Drama,104
Masaan,2015,7,1080p bluray,Bollywood,Drama,109
Love Aaj Kal,2009,6.3,1080p bluray,Bollywood,Comedy,128
Devdas,2002,7.6,1080p bluray,Bollywood,Drama,185
Cocktail,2012,6.4,1080p bluray,Bollywood,Romance,146
Bareilly Ki B..,2017,6.8,1080p bluray,Bollywood,Romance,123
2 States,2014,6.6,1080p bluray,Bollywood,Comedy,149
Camp Cold Bro..,2020,4.7,1080p BluRay,Hollywood,,86
Drishyam,2015,7.8,1080p bluray,Bollywood,Crime,163
Fistful Of Ve..,2022,5.5,HD-RIP,Hindi Dubbed,Action,94
Texas Chainsa..,2022,5.2,HD-RIP,Hindi Dubbed,Horror,81
Bangarraju,2022,7.8,HD-RIP,Tamil,Drama,150
Family Pack,2022,0,HD-RIP,Tamil,Comedy,0
Hridayam,2022,6.6,HD-RIP,Tamil,Romance,172
A Banquet,2021,5.2,720p Blu-Ray,Hollywood,Horror,97
A Fairy Tale ..,2022,6,720p Blu-Ray,Hollywood,Fantasy,72
A Tale Of Two..,2022,0,720p Blu-Ray,Hollywood,Western,136
Aurora Teagar..,2022,4.5,720p Blu-Ray,Hollywood,TV Movie,84
Die Unbeugsam..,2021,8,720p Blu-Ray,Hollywood,Documentary,99
Downfall The ..,2022,7.5,720p Blu-Ray,Hollywood,Documentary,89
Erax,2022,5.1,720p Blu-Ray,Hollywood,Mystery,14
Fallen,2022,3.3,720p Blu-Ray,Hollywood,Horror,84
Finding Carlo..,2022,0,720p Blu-Ray,Hollywood,Family,85
Flashback,2021,6.5,720p Blu-Ray,Hollywood,Thriller,97
Forgive Us Ou..,2022,6.5,720p Blu-Ray,Hollywood,Drama,14
Gasoline Alle..,2022,5.4,720p Blu-Ray,Hollywood,Thriller,97
Heart Shot,2022,7.1,720p Blu-Ray,Hollywood,Romance,19
Hollywood Bul..,2021,0,720p Blu-Ray,Hollywood,Documentary,90
Icahn The Res..,2022,5.5,720p Blu-Ray,Hollywood,Documentary,102
Incarnation,2022,3,720p Blu-Ray,Hollywood,Horror,128
Licorice Pizz..,2021,7.1,720p Blu-Ray,Hollywood,Drama,133
Mo Gilligan T..,2022,4.5,720p Blu-Ray,Hollywood,Comedy,65
No Name And D..,2022,0,720p Blu-Ray,Hollywood,Western,0
One Night Off..,2021,5.6,720p Blu-Ray,Hollywood,Comedy,104
Pursuit,2022,6.8,720p Blu-Ray,Hollywood,Action,92
Scream,2022,6.9,720p Blu-Ray,Hollywood,Horror,114
Ted K,2021,6,720p Blu-Ray,Hollywood,Drama,120
The Wedding V..,2022,6,720p Blu-Ray,Hollywood,TV Movie,84
They Live In ..,2022,6.3,720p Blu-Ray,Hollywood,Horror,124
Ruposh,2022,0,HD-RIP,Bollywood,,142
Kamiarizuki N..,2021,6.4,720p Blu-Ray,Animation,Animation,100
L.O.R.D Legen..,2016,7,720p Blu-Ray,Animation,Animation,113
The Secret of..,2009,7.4,1080p bluray,Animation,Animation,71
The Incredibl..,2004,7.7,1080p bluray,Animation,Action,115
Rudolf the Bl..,2016,6.6,1080p bluray,Animation,Comedy,89
Onward,2020,7.8,1080p bluray,Animation,Family,103
Two Buddies &..,2020,6.7,1080p WEB-RIP,Animation,Family,78
Tom and Jerry..,2007,6.9,1080p WEB-RIP,Animation,Animation,46
LOL Surprise:..,2021,6.8,1080p WEB-RIP,Animation,Animation,47
Fireheart,2022,6.3,1080p WEB-RIP,Animation,Animation,92
BELLE,2021,8.4,1080p WEB-RIP,Animation,Animation,122
Train to Busa..,2016,7.8,1080p bluray,Korean,Action,118
The Terror Li..,2013,7.2,1080p bluray,Korean,Action,97
The Chaser,2008,7.8,1080p bluray,Korean,Crime,125
Operation Red..,2018,6.8,1080p bluray,Korean,Action,139
Closer,2004,6.8,1080p BluRay,Hollywood,Drama,104
Closer to God..,2014,5.6,1080p BluRay,Hollywood,Horror,81
Closet Monste..,2015,7.1,1080p BluRay,Hollywood,Drama,90
Closure,2007,5,1080p BluRay,Hollywood,Thriller,88
Cloud Atlas,2012,6.9,1080p BluRay,Hollywood,Drama,172
Cloudboy,2017,8.8,720p Blu-Ray,Hollywood,Family,78
Clouds of Sil..,2014,6.6,720p Blu-Ray,Hollywood,Drama,124
Cloverfield,2008,6.6,1080p BluRay,Hollywood,Action,85
Clown,2014,5.6,1080p BluRay,Hollywood,Horror,100
ClownTown,2016,4.7,1080p BluRay,Hollywood,Horror,86
Clowntergeist..,2017,3.8,HD-RIP,Hollywood,Horror,80
Club Dread,2004,5.1,HD-RIP,Hollywood,Comedy,104
Club Life,2015,5.2,1080p BluRay,Hollywood,Drama,90
Clueless,1995,7.3,1080p BluRay,Hollywood,Comedy,97
Cluny Brown,1946,7.1,1080p BluRay,Hollywood,Romance,100
Cobra,1986,6,1080p BluRay,Hollywood,Action,87
Cocaine Cowbo..,2006,7.4,1080p BluRay,Hollywood,Documentary,118
David Bowie: ..,2017,7.1,720p Blu-Ray,Hollywood,Music,90
Dellamorte De..,1994,6.9,1080p BluRay,Hollywood,Fantasy,105
From the Sea,2013,7.9,HD-RIP,Hollywood,Drama,117
Girls After D..,2018,5.4,1080p BluRay,Hollywood,Mystery,81
Neron,2016,3.5,1080p BluRay,Hollywood,Action,96
Night of the ..,1962,6.8,1080p BluRay,Hollywood,Drama,90
Ninja: Shadow..,2013,6.5,HD-RIP,Hollywood,Action,95
Ouija 3: The ..,2016,4.4,1080p BluRay,Hollywood,Horror,85
Salvation Str..,2015,6.1,720p Blu-Ray,Hollywood,Family,86
Seed of Chuck..,2004,5.4,HD-RIP,Hollywood,Horror,87
The Ape,2009,0,HD-RIP,Hollywood,,0
The Assassin,2015,5,1080p BluRay,Hollywood,Thriller,80
The Bank Shot..,1974,5.4,1080p BluRay,Hollywood,Comedy,83
The Blackburn..,2015,5.4,1080p BluRay,Hollywood,Horror,84
The Blood Har..,2016,1.5,HD-RIP,Hollywood,Horror,86
The Boondock ..,1999,7.3,1080p BluRay,Hollywood,Action,108
The Circle,2015,7.7,720p Blu-Ray,Hollywood,Drama,112
The Circus,1928,8,720p Blu-Ray,Hollywood,Comedy,72
The City of G..,2018,5.9,DVDSCR-RIP,Hollywood,Adventure,99
The Dark Knig..,2012,7.8,HD-RIP,Hollywood,Action,165
The Heyday of..,2015,5.2,720p Blu-Ray,Hollywood,Drama,97
The Road to P..,2018,0,1080p BluRay,Hollywood,Documentary,59
The Sound Bar..,1952,6.8,1080p BluRay,Hollywood,Drama,118
Throwback Hol..,2018,6,480p BluRay,Hollywood,Science Fiction,0
What?,1972,7.3,1080p BluRay,Hollywood,Comedy,94
bwoy,2016,5.4,720p Blu-Ray,Hollywood,Drama,87
Christmas in ..,1945,7.1,1080p BluRay,Hollywood,Comedy,102
Christmas wit..,2016,5.3,HD-RIP,Hollywood,TV Movie,90
Chronic,2015,5.6,1080p BluRay,Hollywood,Drama,93
Chronically M..,2016,5.2,1080p BluRay,Hollywood,Comedy,86
Chronicle,2012,6.8,1080p BluRay,Hollywood,Science Fiction,84
Chronicles of..,2015,5.7,1080p BluRay,Hollywood,Adventure,115
Chrysalis,2014,4.6,HD-RIP,Hollywood,Drama,100
Chuck,2016,6.2,1080p BluRay,Hollywood,Drama,101
Churchill,2017,6.1,1080p BluRay,Hollywood,Drama,110
Chri,2009,6.1,HD-RIP,Hollywood,Drama,86
Ciao Manhatta..,1972,5.1,1080p BluRay,Hollywood,Documentary,84
Cigarette Sou..,2017,6,720p Blu-Ray,Hollywood,Action,108
Cimarron,1931,5.5,HD-RIP,Hollywood,Drama,123
Cinderella,2015,6.8,1080p BluRay,Hollywood,Romance,105
Cinderella Li..,1973,7.1,1080p BluRay,Hollywood,Drama,117
Cinderella Ma..,2005,7.5,720p Blu-Ray,Hollywood,Romance,144
Cinderella: T..,2018,7.2,1080p BluRay,Hollywood,Family,70
Cinderfella,1960,6.3,720p Blu-Ray,Hollywood,Comedy,91
Circle of Iro..,1978,5.9,1080p BluRay,Hollywood,Action,102
Circus World,1964,6.1,1080p BluRay,Hollywood,Drama,135
Cirque du Fre..,2009,5.7,1080p BluRay,Hollywood,Adventure,109
Cirque du Sol..,2012,7,1080p BluRay,Hollywood,Fantasy,91
Citadel,2012,5.3,1080p BluRay,Hollywood,Drama,85
Citizen Jane:..,2016,7.4,DVDSCR-RIP,Hollywood,Documentary,92
Citizen Kane,1941,8,1080p BluRay,Hollywood,Mystery,119
Citizen Soldi..,2016,6,1080p BluRay,Hollywood,Action,105
Citizen Toxie..,2000,6.5,720p Blu-Ray,Hollywood,Comedy,109
Citizenfour,2014,7.8,720p Blu-Ray,Hollywood,Documentary,114
City 40,2016,6.6,720p Blu-Ray,Hollywood,Documentary,72
City Girl,1930,7.4,720p Blu-Ray,Hollywood,Drama,88
City Hall,1996,6,HD-RIP,Hollywood,Drama,111
City Heat,1984,5.5,1080p BluRay,Hollywood,Comedy,93
City Hunter,1993,6.5,HD-RIP,Hollywood,Action,105
City Lights,1931,8.3,1080p BluRay,Hollywood,Comedy,87
City Slickers..,1991,6.4,1080p BluRay,Hollywood,Comedy,114
City That Nev..,1953,6.2,1080p BluRay,Hollywood,Crime,90
City of Angel..,1998,6.8,1080p BluRay,Hollywood,Romance,114
City of Ember..,2008,6.3,1080p BluRay,Hollywood,Adventure,90
City of Ghost..,2017,7,1080p BluRay,Hollywood,War,90
City of Indus..,1997,5.7,1080p BluRay,Hollywood,Thriller,97
City of Joy,2016,7.3,1080p BluRay,Hollywood,Documentary,74
City of Tiny ..,2016,5.3,720p Blu-Ray,Hollywood,Crime,110
City of Vultu..,2015,0,HD-RIP,Hollywood,Drama,98
City on Fire,1987,7.1,720p Blu-Ray,Hollywood,Crime,105
Claire in Mot..,2016,4.9,720p Blu-Ray,Hollywood,Drama,83
Clambake,1967,5.9,1080p BluRay,Hollywood,Comedy,99
Clara,2018,7.6,1080p BluRay,Hollywood,Science Fiction,106
Claras Ghost,2018,5.2,1080p BluRay,Hollywood,Comedy,80
Clash of the ..,2010,5.9,1080p BluRay,Hollywood,Adventure,106
Class Action,1991,6.2,1080p BluRay,Hollywood,Drama,105
Class Rank,2017,7.2,720p Blu-Ray,Hollywood,Comedy,101
Class of 1984..,1982,6.3,720p Blu-Ray,Hollywood,Action,98
Claw,2017,4.2,HD-RIP,Hollywood,Horror,96
Clawed,2017,4.3,DVDSCR-RIP,Hollywood,Horror,95
Cleaner,2007,6.1,1080p BluRay,Hollywood,Crime,88
Cleanskin,2012,5.7,720p Blu-Ray,Hollywood,Drama,108
Clear and Pre..,1994,6.6,1080p BluRay,Hollywood,Action,141
Clerks,1994,7.4,1080p BluRay,Hollywood,Comedy,92
Clerks II,2006,6.9,1080p BluRay,Hollywood,Comedy,97
Click,2006,6.2,1080p BluRay,Hollywood,Comedy,107
Clickbait,2019,4.4,1080p BluRay,Hollywood,Comedy,80
Climax,2018,7.1,1080p BluRay,Hollywood,Drama,97
Clinical,2017,5.3,720p Blu-Ray,Hollywood,Thriller,104
Clinton Cash,2016,7.4,DVDSCR-RIP,Hollywood,Documentary,60
Cloak and Dag..,1946,6.3,1080p BluRay,Hollywood,Drama,106
Clockers,1995,6.9,1080p BluRay,Hollywood,Mystery,128
Close Encount..,1977,7.4,1080p BluRay,Hollywood,Science Fiction,137
Close Range,2015,6.3,1080p BluRay,Hollywood,Action,80
Close to My H..,1951,6.3,HD-RIP,Hollywood,Drama,90
Closed Circui..,2013,5.9,1080p BluRay,Hollywood,Mystery,96
